Código;Descrição Resumida
"2005001006";"BARRA CHATA, AC, A36, DIM 1/8 x 1 pol (3.18 x 25.40mm)"
"2005001008";"BARRA CHATA, AC, A36, DIM 1/8 x 1.1/2 pol (3.18 x 38.10mm)"
"2005001017";"BARRA CHATA, AC, A36, DIM 3/16 x 1.1/2 pol (4.76 x 38.10mm)"
"2005001018";"BARRA CHATA, AC, A36, DIM 3/16 x 2 pol (4.76 x 50.80mm)"
"2005001021";"BARRA CHATA, AC, A36, DIM 1/4 x 3/4 pol (6.35 x 19.05mm)"
"2005001023";"BARRA CHATA, AC, A36, DIM 1/4 x 1 pol (6.35 x 25.40mm)"
"2005001024";"BARRA CHATA, AC, A36, DIM 1/4 x 1.1/4 pol (6.35 x 31.75mm)"
"2005001025";"BARRA CHATA, AC, A36, DIM 1/4 x 1.1/2 pol (6.35 x 38.10mm)"
"2005001026";"BARRA CHATA, AC, A36, DIM 1/4 x 1.3/4 pol (6.35 x 44.45mm)"
"2005001027";"BARRA CHATA, AC, A36, DIM 1/4 x 2 pol (6.35 x 50.80mm)"
"2005001028";"BARRA CHATA, AC, A36, DIM 1/4 x 2.1/2 pol (6.35 x 63.50mm)"
"2005001029";"BARRA CHATA, AC, A36, DIM 1/4 x 3 pol (6.35 x 76.20mm)"
"2005001030";"BARRA CHATA, AC, A36, DIM 1/4 x 4 pol (6.35 x 101.60mm)"
"2005001031";"BARRA CHATA, AC, A36, DIM 5/16 x 1 pol (6.35 x 25.40mm)"
"2005001032";"BARRA CHATA, AC, A36, DIM 5/16 x 1.1/4 pol (7.94 x 31.75mm)"
"2005001033";"BARRA CHATA, AC, A36, DIM 5/16 x 1.1/2 pol (7.94 x 38.10mm)"
"2005001034";"BARRA CHATA, AC, A36, DIM 5/16 x 2 pol (7.94 x 50.80mm)"
"2005001035";"BARRA CHATA, AC, A36, DIM 5/16 x 2.1/2 pol (7.94 x 63.50mm)"
"2005001037";"BARRA CHATA, AC, A36, DIM 5/16 x 4 pol (7.94 x 101.60mm)"
"2005001038";"BARRA CHATA, AC, A36, DIM 5/16 x 5 pol (7.94 x 127.00mm)"
"2005001039";"BARRA CHATA, AC, A36, DIM 5/16 x 6 pol (7.94 x 152.40mm)"
"2005001040";"BARRA CHATA, AC, A36, DIM 3/8 x 1 pol (9.53 x 25.40mm)"
"2005001042";"BARRA CHATA, AC, A36, DIM 3/8 x 1.1/2 pol (9.53 x 38.10mm)"
"2005001044";"BARRA CHATA, AC, A36, DIM 3/8 x 2 pol (9.53 x 50.80mm)"
"2005001045";"BARRA CHATA, AC, A36, DIM 3/8 x 2.1/2 pol (9.53 x 63.50mm)"
"2005001046";"BARRA CHATA, AC, A36, DIM 3/8 x 3 pol (9.53 x 76.20mm)"
"2005001047";"BARRA CHATA, AC, A36, DIM 3/8 x 4 pol (9.53 x 101.60mm)"
"2005001052";"BARRA CHATA, AC, A36, DIM 1/2 x 2 pol (12.70 x 50.80mm)"
"2005001053";"BARRA CHATA, AC, A36, DIM 1/2 x 2.1/2 pol (12.70 x 63.50mm)"
"2005001054";"BARRA CHATA, AC, A36, DIM 1/2 x 3 pol (12.70 x 76.20mm)"
"2005001055";"BARRA CHATA, AC, A36, DIM 1/2 x 4 pol (12.70 x 101.60mm)"
"2005001057";"BARRA CHATA, AC, A36, DIM 1/2 x 6 pol (12.70 x 152.40mm)"
"2005001059";"BARRA CHATA, AC, A36, DIM 5/8 x 2 pol (15.88 x 50.80mm)"
"2005001060";"BARRA CHATA, AC, A36, DIM 5/8 x 2.1/2 pol (15.88 x 63.50mm)"
"2005001062";"BARRA CHATA, AC, A36, DIM 5/8 x 4 pol (15.88 x 101.60mm)"
"2005001064";"BARRA CHATA, AC, A36, DIM 5/8 x 6 pol (15.88 x 152.40mm)"
"2005001066";"BARRA CHATA, AC, A36, DIM 3/4 x 2.1/2 pol (19.05 x 63.50mm)"
"2005001068";"BARRA CHATA, AC, A36, DIM 3/4 x 4 pol (19.05 x 101.60mm)"
"2005001070";"BARRA CHATA, AC, A36, DIM 3/4 x 6 pol (19.05 x 152.40mm)"
"2005001081";"BARRA CHATA, AC, A36, DIM 3/8 x 6 pol (9.53 x 152.40mm)"
"2005001090";"BARRA CHATA (AC), A36, DIM 1/4 x 6 pol (6.35 x 152.4mm)"
"2005001091";"BARRA CHATA (AC), A36, DIM 5/16 x 5/8 pol (7.94 x 15.88mm)"
"2005001093";"BARRA CHATA (AC), A36, DIM 1/4 x 5 pol (6.35 x 127.00mm)"
"2005002030";"BARRA CHATA (AC), A572-50, DIM 1/4 x 4 pol (6.35 x 101.60mm)"
"2005002037";"BARRA CHATA (AC), A572-50, DIM 5/16 x 4 pol (7.94 x 101.60mm)"
"2005002062";"BARRA CHATA (AC), A572 GR.50 DIM 5/8 x 4 pol (15.88 x 101.60mm)"
"2005003017";"BARRA CHATA (AI), A240-316L DIM 3/16 x 1.1/2 pol (4.76 x 38.10mm)"
"2005003018";"BARRA CHATA (AI), A240-316L DIM 3/16 x 2 pol (4.76 x 50.80mm)"
"2005003024";"BARRA CHATA (AI), 316L DIM 1/4 x 1.1/4 pol (6.35 x 31.75mm)"
"2005003027";"BARRA CHATA (AI), A240-316L DIM 1/4 x 2 pol (6.35 x 50.80mm)"
"2005003030";"BARRA CHATA (AI), A240-316L DIM 1/4 x 4 pol (6.35 x 101.60mm)"
"2005003034";"BARRA CHATA (AI) A240 5/16 pol x 2 pol"
"2005003036";"BARRA CHATA (AI), AISI 316L DIM 5/16 x 3 pol (7.94 x 76.20mm)"
"2005003067";"BARRA CHATA (AI), 316L DIM 3/4 x 3 pol (19.05 x 76.20mm)"
"2005003068";"BARRA CHATA (AI), 316L DIM 3/4 x 4 pol (19.05 x 101.60mm)"
"2005003090";"BARRA CHATA (AI), 316L DIM 1/4 x 6 pol (6.35 x 152.40mm)"
"2005004028";"BARRA CHATA, AI, AISI 304, DIM. 1/4"" x 2.1/2"" (6.35mm x 63.50mm)"
"2005004030";"BARRA CHATA (AI), AISI 304 DIM 1/4 x 4 pol (6.35 x 101.60mm)"
"2005004045";"BARRA CHATA (AI), AISI 304 DIM 3/8 x 2.1/2 pol (9.53 x 63.50mm)"
"2005004090";"BARRA CHATA (AI), AISI 304 DIM 1/4 x 2.3/8 pol, 6.35 x 60.33mm"
"2005005028";"BARRA CHATA DE INOX (AISI 304L) DIM 1/4 x 2.1/2 pol (6.35 x 63.50)"
"2005006041";"BARRA CHATA EM ALUMINIO ASTM 6061 DIM 2 x 1/4 pol (50.80 x 6.35)"
"2010001003";"BARRA QUADRADA, AC, ASTM A36, DN 3/8 pol (9.53mm)"
"2010001007";"BARRA QUADRADA, AC, ASTM A36, DN 5/8 pol (15.88mm)"
"2010001009";"BARRA QUADRADA, AC, ASTM A36, DN 3/4 pol (19.05mm)"
"2010001010";"BARRA QUADRADA, AC, ASTM A36, DN 13/16 pol (20.64mm)"
"2010001013";"BARRA QUADRADA, AC, ASTM A36, DN 1 pol (25.40mm)"
"2010002015";"BARRA QUADRADA (Ai), ASTM A276 TP-316L, DN 1.1/8 pol (28.58mm)"
"2009001001";"BARRA REDONDA, AC, ASTM A36, DN 1/4 pol (6.35mm)"
"2009001002";"BARRA REDONDA, AC, ASTM A36, DN 5/16 pol (7.94mm)"
"2009001003";"BARRA REDONDA, AC, ASTM A36, DN 3/8 pol (9.53mm)"
"2009001005";"BARRA REDONDA, AC, ASTM A36, DN 1/2 pol (12.70mm)"
"2009001007";"BARRA REDONDA, AC, ASTM A36, DN 5/8 pol (15.88mm)"
"2009001009";"BARRA REDONDA, AC, ASTM A36, DN 3/4 pol (19.05mm)"
"2009001013";"BARRA REDONDA, AC, ASTM A36, DN 1 pol (25.40mm)"
"2009001021";"BARRA REDONDA, AC, ASTM A36, DN 1.1/2 pol (38.10mm)"
"2009001065";"BARRA REDONDA, AC, ASTM A36, DN 6 pol (152.40mm)"
"2009002001";"BARRA REDONDA, AC, SAE-1020, DN 1/4 pol (6.35mm)"
"2009002002";"BARRA REDONDA (AC), SAE-1020, DN 5/16 pol (7.94mm)"
"2009002003";"BARRA REDONDA, AC, SAE-1020, DN 3/8 pol (9.53mm)"
"2009002005";"BARRA REDONDA, AC, SAE-1020, DN 1/2 pol (12.70mm)"
"2009002007";"BARRA REDONDA (AC), SAE-1020, DN 5/8 pol (15.88mm)"
"2009002009";"BARRA REDONDA, AC, SAE-1020, DN 3/4 pol (19.05mm)"
"2009002011";"BARRA REDONDA (AC), SAE-1020, DN 7/8 pol (22.23mm)"
"2009002013";"BARRA REDONDA (AC), SAE-1020, DN 1 pol (25.40mm)"
"2009002025";"BARRA REDONDA, AC, SAE-1020, DN 1.3/4 pol (44.45mm)"
"2009002053";"BARRA REDONDA, AC, SAE-1020, DN 4 pol (101.60mm)"
"2009003005";"BARRA REDONDA (AI), AISI 316, DN 1/2 pol (12.70mm)"
"2009003011";"BARRA REDONDA (AI), AISI 316, DN 7/8 pol (22.23mm)"
"2009003013";"BARRA REDONDA (AI), AISI 316, DN 1 pol (25.40mm)"
"2009003095";"BARRA REDONDA (AI), AISI 316L, DN 3/8 pol (9.53mm)"
"2009004009";"BARRA REDONDA (AI), AISI 304, DN 3/4 pol (19.05mm)"
"2009005005";"BARRA REDONDA (AC), ASTM A572 GRAU 50, DN 1/2 pol (12.70mm)"
"2009006007";"BARRA REDONDA, ALUMINIO, ASTM 6351, DN 5/8 pol (15.87mm)"
"2410001007";"BARRA ROSCADA (AC) (Zn-Branco) ASTM A36 (1 pol)"
"2410002019";"BARRA ROSCADA (AL) (Zn-Ni) ASTM A193 B7 (3/8 pol)"
"243012008";"BARRA ROSCADA (AC) ASTM A36 GALVANIADA 1 POL"
"9001001001";"BARRA SEMI-CIRCULAR MACICA EM ACETAL, DN 3/4 pol"
"9001001002";"BARRA SEMI-CIRCULAR MACICA EM ACETAL, DN 1 pol"
"9001001024";"BARRA SEMI-CIRCULAR MACICA EM ACETAL, DN 1.1/2 pol"
"9001001172";"BARRA DE APOIO EM POLIACETAL 3 POL"
"9001001176";"BARRA SEMI-CIRCULAR MACICA EM ACETAL, DN 1/2 pol"
"1911003007";"CABO DE ATERRAMENTO () 90 GRAUS SECAO 25mm2"
"910018007";"CABO DE ACO 3/16 (4,76 mm)"
"910018008";"CLIP PARA CABO DE ACO 3/16"
"910018015";"CABO DE AÇO 1/8 REVESTIDO"
"932001005";"CLIPS GALVANIZADO P/ CABO DE AÇO, DN 1/8"
"1911001002";"CABO ATERRAMENTO 0.75 kV (70 GR) CL2 (SHF1) SECAO 4mm2"
"1911001003";"CABO ATERRAMENTO 0.75 kV (70 GR) CL2 (SHF1) SECAO 6mm2"
"1911001004";"CABO ATERRAMENTO 0.75 kV (70 GR) CL2 (SHF1) SECAO 10mm2"
"1911001005";"CABO ATERRAMENTO 0.75 kV (70 GR) CL2 (SHF1) SECAO 16mm2"
"1911001006";"CABO ATERRAMENTO 0.75 kV (70 GR) CL2 (SHF1) SECAO 25mm2"
"1911002004";"CABO ATERRAMENTO; CLASSE 2; 0.6/1kV; 90 GRAUS; 6mm2"
"1911002005";"CABO ATERRAMENTO 0.6/1 kV (90 GR) CL2 (SHF2) SECAO 10mm2"
"1911002007";"CABO ATERRAMENTO 0.6/1 kV (90 GR) CL2 (SHF2) SECAO 25mm2"
"1911002010";"CABO ATERRAMENTO 0.6/1 kV (90 GR) CL2 (SHF2) SECAO 70mm2"
"1901001004";"CABO COBRE NU (MEIO-DURO) CLASSE 2A SECAO 25mm2"
"1905006011";"CABO POT. (VERDE) 0.6/1 kV (90 Gr) CL5 (EPR) SECAO 1 x 4mm2"
"1905006023";"CABO POT. (VERDE) 0.6/1 kV (90 Gr) CL5 (EPR) SECAO 1 x 25mm2"
"1905014001";"CABO POTENCIA 0.6/1 kV (90 Gr) CL2 (EPR) (1 x 2 x 2.5mm2 +T)"
"1905014002";"CABO POTENCIA 0.6/1 kV (90 Gr) CL2 (EPR) (1 x 3 x 6mm2 +T)"
"1905014003";"CABO POTENCIA 0.6/1 kV (90 Gr) CL2 (EPR) (1 x 3 x 2.5mm2 +T)"
"1905017004";"CABO POT. 0.75 kV (70 GR) CL5 (PVC) SECAO 1.50mm2"
"1905017006";"CABO POT. 0.75 kV (70 GR) CL5 (PVC) SECAO 0.5mm2"
"1905017010";"CABO POT. 0.75 kV (70 GR) CL5 (PVC) SECAO 2.50mm2"
"1905017015";"CABO POT. 0.75 kV (70 GR) CL5 (PVC) SECAO 2.50mm2"
"1905017019";"CABO DE POTENCIA, UNIPOLAR, COR VERMELHA, 1.50mm2"
"902003139";"CB ELETRICO, IEC 60092-353,T ISOLAMENTO 0,6/1kV; ESTANHADO SHF1;25mm²"
"1904006006";"CABO NAVAL 300V () 90 GRAUS SECAO 12P x 1.00mm2"
"1904006021";"CABO NAVAL 300V () 90 GRAUS SECAO 1P x 1.00mm2"
"1904002001";"CABO (INS) NAVAL 300V (90 GR) CL-2 (HF XLPE) 2P x 2.5mm2"
"1904002002";"CABO (INS) NAVAL 300V (90 GR) CL-2 (HF XLPE) 4P x 2.5mm2"
"1904002003";"CABO INS NAVAL 300V (90 Gr) CL2 (XLPE) SECAO 6P x 0.5mm2"
"1904002004";"CABO INS NAVAL 300V (90 Gr) CL2 (XLPE) SECAO 4P x 0.5mm2"
"1904002005";"CABO INS NAVAL 300V (90 Gr) CL2 (XLPE) SECAO 2P x 1.0mm2"
"1904002006";"CABO INS NAVAL 300V (90 Gr) CL2 (XLPE) SECAO 1P x 2.5mm2"
"1904002007";"CABO INS NAVAL 300V (90 Gr) CL2 (XLPE) SECAO 4P x 1.5mm2"
"1904002008";"CABO INS NAVAL 300V (90 Gr) CL2 (XLPE) SECAO 16P x 1.5mm2"
"1904002009";"CABO (INS) 300V (105 Gr) CL2 (XLPE) SECAO 6P x 1.0mm2"
"1904002010";"CABO (INS) 300V (90 Gr) CL2 (XLPE) SECAO 12P x 1.5mm2"
"1904003001";"CABO INS NAVAL 300V (90 Gr) CL2 (EPR) SECAO 1T x 1.5mm2"
"1904003002";"CABO INS NAVAL 300V (90 Gr) CL2 (EPR) SECAO 1Q x 1.5mm2"
"1904003003";"CABO INS NAVAL 300V (90 Gr) CL2 (EPR) SECAO 1P x 2.5mm2"
"1904003004";"CABO INS NAVAL 300V (90 Gr) CL2 (EPR) SECAO 2P x 1.0mm2"
"1904003005";"CABO INS NAVAL 300V (90 Gr) CL2 (EPR) SECAO 6P x 1.5mm2"
"1904003006";"CABO INS NAVAL 300V (90 Gr) CL2 (EPR) SECAO 12P x 1.0mm2"
"1904003007";"CABO INS NAVAL 300V (90 Gr) CL2 (EPR) SECAO 4Q x 1.5mm2"
"1904003008";"CABO INS NAVAL 300V (90 Gr) CL2 (EPR) SECAO 6T x 1.5mm2"
"1904004001";"CABO INS NAVAL 250V i (90 Gr) CL2 (MGT+EPR) 1 x 2 x 1.5mm2"
"1904004002";"CABO INS NAVAL 250V i (90 Gr) CL2 (MGT+EPR) 2 x 2 x 1.5mm2"
"1904004003";"CABO INS NAVAL 250V i (90 Gr) CL2 (MGT+EPR) 4 x 2 x 1.5mm2"
"1904004004";"CABO INS NAVAL 250V i (90 Gr) CL2 (MGT+EPR) 12 x 2 x 1.5mm2"
"1904004005";"CABO INS NAVAL 250V c (90 Gr) CL2 (MGT+EPR) 12 x 2 x 1.5mm2"
"1904004006";"CABO INS NAVAL 250V c (90 Gr) CL2 (MGT+EPR) 6 x 2 x 1.5mm2"
"1904004007";"CABO INS NAVAL 250V c (90 Gr) CL2 (MGT+EPR) 8 x 2 x 1.5mm2"
"1904005005";"CABO INS NAVAL 250V (90 Gr) CL2 (HFEPR- SHF1) 1 x 2 x 1.5mm2"
"1904005013";"CABO INS NAVAL 250V (90 Gr) CL2 (HFEPR- SHF1) 2 x 2 x 1.5mm2"
"1905009003";"CABO POTENCIA 0.75 kV (70 GR) CL-5 (PE) SECAO 4mm2"
"1905015001";"CABO NAVAL 0.6/1 kV (90 Gr) CL5 (XLPE) SECAO 4 x 50mm2"
"1905015002";"CABO NAVAL 0.6/1 kV (90 Gr) CL5 (XLPE) SECAO 3 x 35mm2"
"1905016002";"CABO NAVAL 0.6/1 kV (90 Gr) CL2 (XLPE) 3C x 4mm2"
"1905016003";"CABO NAVAL 0.6/1 kV (90 Gr) CL2 (XLPE) 3C x 6mm2"
"1905016004";"CABO NAVAL 0.6/1 kV (90 Gr) CL2 (XLPE) 2C x 2.5mm2"
"1905018023";"CABO NAVAL 0.6/1 kV () 90 GRAUS SECAO 4 x 2.5mm2"
"1905018025";"CABO NAVAL 0.6/1 kV () 90 GRAUS SECAO 4 x 6mm2"
"1905018026";"CABO NAVAL 0.6/1 kV () 90 GRAUS SECAO 4 x 10mm2"
"1905018027";"CABO NAVAL 0.6/1 kV () 90 GRAUS SECAO 4 x 16mm2"
"1909002001";"CABO NAVAL MULTIPOLAR 0.6/1 kV (90 Gr) CL2 (XLPE) 3P x 4mm2"
"1909002002";"CABO NAVAL MULTIPOLAR 0.6/1 kV (90 Gr) CL2 (XLPE) 3P x 6mm2"
"1909002003";"CABO NAVAL MULTIPOLAR 0.6/1 kV (90 Gr) CL2 (XLPE) 4P x 6mm2"
"1909002004";"CABO NAVAL MULTIPOLAR 0.6/1 kV (90 Gr) CL2 (XLPE) 3P x 2.5mm"
"1910001003";"CABO DE COMUNICACAO TIPO COAXIAL 6.85mm (RG6 - 75 OHMS)"
"1905006014";"CB POTENCIA, TEMP MOLE CL-5, ST2 T-0,6/1kV; 90 GRAUS; SECAO 1 x 6mm2"
"1835003001";"TUBO ESPIRAL EM POLIETILENO P/TERMINACOES CABO 3.2 a 12.5mm"
"1835002004";"ESPAGUETE (PVC) TERMOCONTRATIL 1kV (1/8 pol - 3.2mm)"
"2002001004";"CAD TIPO (L) AC A36 ESP. 5/16 (7.94mm), (101.60 x 76.20mm) (4 x 3 pol)"
"2002001005";"CANTONEIRA TIPO (L) AC A36 (4 x 3 pol) ESP 3/8 pol"
"2002001008";"CANTONEIRA TIPO (L) AC A36 (5 x 3.1/2 pol) ESP 5/16 pol"
"2002001009";"CANTONEIRA TIPO (L) AC A36 (5 x 3.1/2 pol) ESP 3/8 pol"
"2002001016";"CANTONEIRA TIPO (L) AC A36 (6 x 4 pol) ESP 3/8 pol"
"2002001018";"CANTONEIRA TIPO (L) AC A36 (6 x 4 pol) ESP 1/2 pol"
"2002001028";"CANTONEIRA TIPO (L) AC A36 (8 x 4 pol) ESP 1/2 pol"
"2002001037";"CANTONEIRA TIPO (L) AC A36 (2.1/2 X 1.1/2 pol) ESP 1/4 pol"
"2002001038";"CANTONEIRA TIPO (L) AC A36 (3 x 2 pol) ESP 3/16 pol"
"2002002043";"CANTONEIRA TIPO (L) AC A36 (1/8 x 1.3/8 pol)"
"9001001083";"CANTONEIRA TIPO (L) AC A36 (150 x 90mm) ESP. 9.53mm"
"2002002005";"CANTONEIRA ABAS IGUAIS AC (ASTM A36) 1/8 x 1 pol"
"2002002009";"CANTONEIRA ABAS IGUAIS, AC, A36, DIM 1/8 x 2 pol"
"2002002010";"CANTONEIRA ABAS IGUAIS, AC, A36, DIM 3/16 x 1 pol"
"2002002012";"CANTONEIRA ABAS IGUAIS, AC, A36, DIM 3/16 x 1.1/2 pol"
"2002002014";"CANTONEIRA ABAS IGUAIS, AC, A36, DIM 3/16 x 2 pol"
"2002002015";"CANTONEIRA ABAS IGUAIS (AC), A36, DIM 3/16 x 2.1/2 pol"
"2002002016";"CANTONEIRA ABAS IGUAIS, AC, A36, DIM 3/16 x 3 pol"
"2002002017";"CANTONEIRA ABAS IGUAIS, AC, A36, DIM 1/4 x 1 pol"
"2002002018";"CANTONEIRA ABAS IGUAIS, AC, A36, DIM 1/4 x 1.1/4 pol"
"2002002019";"CANTONEIRA ABAS IGUAIS, AC, A36, DIM 1/4 x 1.1/2 pol"
"2002002020";"CANTONEIRA ABAS IGUAIS, AC, A36, DIM 1/4 x 1.3/4 pol"
"2002002021";"CANTONEIRA ABAS IGUAIS, AC, A36, DIM 1/4 x 2 pol"
"2002002022";"CANTONEIRA ABAS IGUAIS, AC, A36, DIM 1/4 x 2.1/2 pol"
"2002002023";"CANTONEIRA ABAS IGUAIS, AC, A36, DIM 1/4 x 3 pol"
"2002002024";"CANTONEIRA ABAS IGUAIS, AC, A36, DIM 1/4 x 4 pol"
"2002002025";"CANTONEIRA ABAS IGUAIS, AC, A36, DIM 5/16 x 2 pol"
"2002002026";"CANTONEIRA ABAS IGUAIS, AC, A36, DIM 5/16 x 2.1/2 pol"
"2002002027";"CANTONEIRA ABAS IGUAIS, AC, A36, DIM 5/16 x 3 pol"
"2002002028";"CANTONEIRA ABAS IGUAIS, AC, A36, DIM 5/16 x 4 pol"
"2002002029";"CANTONEIRA ABAS IGUAIS, AC, A36, DIM 3/8 x 2 pol"
"2002002030";"CANTONEIRA ABAS IGUAIS, AC, A36, DIM 3/8 x 2.1/2 pol"
"2002002031";"CANTONEIRA ABAS IGUAIS, AC, A36, DIM 3/8 x 3 pol"
"2002002032";"CANTONEIRA ABAS IGUAIS, AC, A36, DIM 3/8 x 4 pol"
"2002002033";"CANTONEIRA ABAS IGUAIS, AC, A36, DIM 3/8 x 5 pol"
"2002002034";"CANTONEIRA ABAS IGUAIS, AC, A36, DIM 3/8 x 6 pol"
"2002002035";"CANTONEIRA ABAS IGUAIS, AC, A36, DIM 1/2 x 3 pol"
"2002002036";"CANTONEIRA ABAS IGUAIS, AC, A36, DIM 1/2 x 4 pol"
"2002002038";"CANTONEIRA ABAS IGUAIS, AC, A36, DIM 1/2 x 6 pol"
"2002002044";"CANTONEIRA ABAS IGUAIS (AC), A36, DIM 3/8 x 1 pol"
"2002002045";"CANTONEIRA ABAS IGUAIS AC (ASTM A36) 5/16 x 6 pol"
"2002002046";"CANTONEIRA ABAS IGUAIS, AC, A36, DIM 1/4 x 3.1/2 pol"
"2002003012";"CANTONEIRA ABAS IGUAIS (AI) AISI 316L, DIM 1/4 x 1.1/2 pol"
"2002003014";"CANTONEIRA ABAS IGUAIS (AI) AISI 316L, DIM 1/4 x 2 pol"
"2002003015";"CANTONEIRA ABAS IGUAIS (AI) AISI 316L, DIM 5/16 x 2.1/2 pol"
"2002003018";"CANTONEIRA ABAS IGUAIS (AI) AISI 316L, DIM 1/4 x 3 pol"
"2002003029";"CANTONEIRA ABAS IGUAIS (AI) AISI 316L, DIM 5/16 x 2 pol"
"2002005018";"CANTONEIRA ABAS IGUAIS (AI) AISI 304, DIM 1/4 x 3 pol"
"2002005020";"CANTONEIRA ABAS IGUAIS, (AISI 304) DIM 3/8 x 3 pol"
"2002005029";"CANTONEIRA ABAS IGUAIS (AI) AISI 304, DIM 5/16 x 2 pol"
"2002006013";"CANTONEIRA ABAS IGUAIS (AI) AISI 316, DIM 3/16 x 2.1/2 pol"
"2002006030";"CANTONEIRA ABAS IGUAIS (AI) AISI 316, DIM 1/4 x 2 pol"
"2002007014";"CANTONEIRA ABAS IGUAIS, AC, A36, DIM 1/4 x 2.1/2 pol"
"2002007016";"CANTONEIRA ABAS IGUAIS, AC, A36, DIM 3/8 x 2.1/2 pol"
"2002007018";"CANTONEIRA ABAS IGUAIS, (AISI 304L) DIM 1/4 x 3 pol"
"2002008023";"CANTONEIRA ABAS IGUAIS ALUMINIO 2 x 1/8 pol"
"2002009030";"CAI ASTM A572-50, (9.53 x 63.50mm) DN 3/8 x 2.1/2 pol"
"2002009032";"CANTONEIRA ABAS IGUAIS, AC, A572 GR.50, DIM 3/8 x 4 pol"
"2002009034";"CANTONEIRA ABAS IGUAIS, AC, A572 GR.50, DIM 3/8 x 6 pol"
"2002009038";"CANTONEIRA ABAS IGUAIS, AC, A572 GR.50, DIM 1/2 x 6 pol"
"9101002338";"CANTONEIRAS ABAS IGUAIS A-36 2 x 2 x 1/4"
"2008002001";"PERFIL (H) ASTM A572 GRAU 50, W 150mm x 22.5 kg/m"
"2008002002";"PERFIL (H) ASTM A572 GRAU 50, W 150mm x 29.8 kg/m"
"2008002003";"PERFIL (H) ASTM A572 GRAU 50, W 150mm x 37.1 kg/m"
"2008002004";"PERFIL (H) ASTM A572 GRAU 50, W 200mm x 35.9 kg/m"
"2008002006";"PERFIL (H) ASTM A572 GRAU 50, W 200mm x 46.1 kg/m"
"2008002007";"PERFIL (H) ASTM A572 GRAU 50, W 200mm x 52.0 kg/m"
"2008002008";"PERFIL (H) ASTM A572 GR.50, W200mm x 53.0 kg/m"
"2008002012";"PERFIL (H) ASTM A572 GRAU 50, W 250mm x 62.0 kg/m"
"2008002013";"PERFIL (H) ASTM A572 GRAU 50, W 250mm x 73.0 kg/m"
"2008002014";"PERFIL (H) ASTM A572 GRAU 50, W 250mm x 80.0 kg/m"
"2008002015";"PERFIL (H) ASTM A572 GRAU 50, W 250mm x 85.0 kg/m"
"2008002026";"PERFIL (H) ASTM A572 GRAU 50, W 360mm x 91.0 kg/m"
"2008002029";"PERFIL (H) ASTM A572 GR.50,  W360mm x 122.0 kg/m"
"2008004001";"PERFIL (H) AC, ASTM A-36, W150mm x 22.5 kg/m"
"2008004003";"PERFIL (H) ASTM A36, W150mm x 37.1 kg/m"
"2008004004";"PERFIL (H) ASTM A36, W200mm x 35.9 kg/m"
"2008004006";"PERFIL (H) ASTM A36, W 200mm x 46.1 kg/m"
"2008004007";"PERFIL (H) ASTM A36, W200mm x 52.0 kg/m"
"2008004010";"PERFIL (H) ASTM A36, W200mm x 71.0 kg/m"
"2008004013";"PERFIL (H) ASTM A36, W250mm x 73.0 kg/m"
"2008004014";"PERFIL (H) ASTM A36, W 250mm x 80.0 kg/m"
"2008004018";"PERFIL (H) ASTM A36, W250mm x 115.0 kg/m"
"2008004019";"PERFIL (H) ASTM A36, HP 310mm x 79.0 kg/m"
"2008004030";"PERFIL (H) ASTM A36, 101.6 x 101.6mm x 20.5 kg/m"
"2008004034";"PERFIL (H) ASTM A36, 323 x 309mm x 143 kg/m"
"2004003002";"VIGA TIPO (I), AC, A36, ALMA (2) 6.38mm DIM 3 x 2.3/8 pol"
"2004003003";"VIGA TIPO (I), AC, A36, ALMA (1) 4.90mm DIM 4 x 2.5/8 pol"
"2004003004";"VIGA TIPO (I), AC, A36, ALMA (2) 6.43mm DIM 4 x 2.5/8 pol"
"2004003007";"VIGA TIPO (I), AC, A36, ALMA (1) 5.89mm DIM 6 x 3.3/8 pol"
"2004003008";"VIGA TIPO (I), AC, A36, ALMA (2) 8.71mm DIM 6 x 3.3/8 pol"
"2004003009";"VIGA TIPO (I), AC, A36, ESP. ALMA (1) 6.86mm DIM 8 x 4 pol"
"2004003011";"VIGA TIPO (I), AC, A36, ALMA (1) 7.87mm DIM 10 x 4.5/8 pol"
"2004003013";"VIGA TIPO (I), AC, A36, ALMA (1) 11.68mm DIM 12 x 2.5/8 pol"
"2004003015";"VIGA TIPO (I) (AC), A36, ALMA (3) 8.86mm DIM 3 x 2.3/8 pol"
"2004003016";"VIGA TIPO (I) (AC), A36, ALMA (3) 8.28mm DIM 4 x 2.5/8 pol"
"2004003019";"VIGA TIPO (I), AC, A36, ESP. ALMA (3) 11.81mm DIM 6 x 3.3/8 pol"
"2004003021";"VIGA TIPO (I) (AC), A36, ESP. ALMA (4) 13.51mm DIM 8 x 4 pol"
"2008005001";"PERFIL (T) ASTM A572 Gr. 50,  3 x 3/8 pol"
"2008005002";"PERFIL (T) ASTM A572 Gr. 50,  6.1/2 x 3/8 pol"
"2008005003";"PERFIL (T) ASTM A572 GR.50,  ESP. 1/2 DIMENSOES 6 x 6 pol"
"2008006003";"PERFIL (T) ASTM A36,  ESP. 1/4 DIMENSOES 6.3/4 x 3 pol"
"2008008028";"PERFIL (T) AI SUPERDUPLEX,  ESP. 1/2 DIMENSOES 6 x 6 pol"
"2004001007";"VIGA TIPO (U), AC, SAE-1020, ALMA (1) 5.59mm DIM 8 x 2.1/4 pol"
"2004002003";"VIGA TIPO (U) AISI 304, ALMA (1) 4.67mm DIM 4 x 1.5/8 pol"
"2004002004";"VIGA TIPO (U) AISI 304, ALMA (2) 6.27mm DIM 4 x 1.5/8 pol"
"2004004001";"VIGA TIPO (U), AC, A36, ALMA (1) 4.32mm DIM 3 x 1.1/2 pol"
"2004004002";"VIGA TIPO (U), AC, A36, ALMA (2) 6.55mm DIM 3 x 1.1/2 pol"
"2004004003";"VIGA TIPO (U), AC, A36, ALMA (1) 4.67mm DIM 4 x 1.5/8 pol"
"2004004004";"VIGA TIPO (U), AC, A36, ALMA (2) 6.27mm DIM 4 x 1.5/8 pol"
"2004004005";"VIGA TIPO (U), AC, A36, ESP. ALMA (1) 5.08mm DIM 6 x 2 pol"
"2004004006";"VIGA TIPO (U), AC, A36, ESP. ALMA (2) 7.98mm DIM 6 x 2 pol"
"2004004007";"VIGA TIPO (U), AC, A36, ALMA (1) 5.59mm DIM 8 x 2.1/4 pol"
"2004004008";"VIGA TIPO (U), AC, A36, ALMA (2) 7.70mm DIM 8 x 2.1/4 pol"
"2004004009";"VIGA TIPO (U), AC, A36, ALMA (1) 6.10mm DIM 10 x 2.5/8 pol"
"2004004011";"VIGA TIPO (U), AC, A36, ESP. ALMA (3) 11.10mm DIM 6 x 2 pol"
"2004005003";"VIGA TIPO (U) (AC) A572-50 ALMA (1) 4.67mm (4 x 1.5/8 pol)"
"2004005004";"VIGA TIPO (U) (AC) A572-50 ALMA (2) 6.27mm (4 x 1.5/8 pol)"
"2004005005";"VIGA TIPO (U) (AC) A572-50 ESP. ALMA (1) 5.08mm (6 x 2 pol)"
"2004006017";"VIGA TIPO (U) AISI 316L, ALMA (1) 5.59mm DIM 8 x 2.1/4 pol"
"2008001001";"PERFIL (I) ASTM A572 GRAU 50, W 150mm x 13.0 kg/m"
"2008001002";"PERFIL (I) ASTM A572 GRAU 50, W 150mm x 18.0 kg/m"
"2008001004";"PERFIL (I) ASTM A572 GRAU 50, W 200mm x 15.0 kg/m"
"2008001005";"PERFIL (I) ASTM A572 GRAU 50, W 200mm x 19.3 kg/m"
"2008001006";"PERFIL (I) ASTM A572 GRAU 50, W 200mm x 22.5 kg/m"
"2008001007";"PERFIL (I) ASTM A572 GRAU 50, W 200mm x 26.6 kg/m"
"2008001008";"PERFIL (I) ASTM A572 GRAU 50, W 200mm x 31.3 kg/m"
"2008001010";"PERFIL (I) ASTM A572 GRAU 50, W 250mm x 22.3 kg/m"
"2008001013";"PERFIL (I) ASTM A572 GRAU 50, W 250mm x 32.7 kg/m"
"2008001014";"PERFIL (I) ASTM A572 GRAU 50, W 250mm x 38.5 kg/m"
"2008001015";"PERFIL (I) ASTM A572 GRAU 50, W 250mm x 44.8 kg/m"
"2008001022";"PERFIL (I) ASTM A572 GRAU 50, W 310mm x 52.0 kg/m"
"2008001026";"PERFIL (I) ASTM A572 GRAU 50, W 360mm x 51.0 kg/m"
"2008001027";"PERFIL (I) ASTM A572 GRAU 50, W 360mm x 57.8 kg/m"
"2008001028";"PERFIL (I) ASTM A572 GRAU 50, W 360mm x 64.0 kg/m"
"2008001030";"PERFIL (I) ASTM A572 GRAU 50, W 360mm x 79.0 kg/m"
"2008001041";"PERFIL (I) ASTM A572 GRAU 50, W 460mm x 74.0 kg/m"
"2008001043";"PERFIL (I) ASTM A572 GRAU 50, W 460mm x 89.0 kg/m"
"2008001054";"PERFIL (I) ASTM A572 GRAU 50, W 610mm x 101.0 kg/m"
"2008003001";"PERFIL (I) ASTM A36, W150mm x 13.0 kg/m"
"2008003002";"PERFIL (I) ASTM A36, W150mm x 18.0 kg/m"
"2008003003";"PERFIL (I) ASTM A36, W150mm x 24.0 kg/m"
"2008003004";"PERFIL (I) ASTM A36, W200mm x 15.0 kg/m"
"2008003005";"PERFIL (I) ASTM A36, W200mm x 19.3 kg/m"
"2008003006";"PERFIL (I) ASTM A36, W200mm x 22.5 kg/m"
"2008003007";"PERFIL (I) ASTM A36, W 200mm x 26.6 kg/m"
"2008003008";"PERFIL (I) ASTM A36, W200mm x 31.3 kg/m"
"2008003013";"PERFIL (I) ASTM A36, W 250mm x 32.7 kg/m"
"2008003014";"PERFIL (I) ASTM A36, W250mm x 38.5 kg/m"
"2008003020";"PERFIL (I) ASTM A36, W 310mm x 38.7 kg/m"
"2008003028";"PERFIL (I) ASTM A36 (347 X 203), W 360mm x 64.0 kg/m"
"2008003060";"PERFIL (I) ASTM A36, W 200mm x 29.8 kg/m"
"9103004520";"Perfil W250 x 73,0 Kg/m, A572 GR. 50 com comprimento de 6 metros"
"9101002339";"Tubo AC 5L-B PSL-1 s/c 3/4 pol"
"9103005922";"TUBO S/C 1.1/2 SCH-80 A/C ASTM A106 GR"
"9103005923";"TUBO 3 POL SCH 40 API 5L GR. B"
"9103006270";"TUBO 8 POL SCH 40 API 5L GR. B"
"9103006279";"TUBO 6 POL SCH 40 API 5L GR. B"
"9103006288";"TUBO 4 POL SCH 40 API 5L GR. B"
"9103006291";"TUBO 2 POL SCH 40 API 5L GR. B"
"1501004003";"TUBO (AC) A106-B, SC (PL) 80-XS, 0.154 (3.91 mm) 3/4 pol"
"1501004005";"TUBO (AC) A106-B, SC (PL) 80-XS, 0.179 (4.55 mm) 1 pol"
"1501004009";"TUBO (AC) A106-B, SC (PL) 80-XS, 0.200 (5.08 mm) 1.1/2 pol"
"1501004012";"TUBO (AC) A106-B, SC (PR), 80-XS, 0.218 (5.54 mm) 2 pol"
"1501004013";"TUBO (AC) A106-B, SC (PR), 80-XS, 0.300 (7.62 mm) 3 pol"
"1501004014";"TUBO (AC) A106-B, SC (PR), 80-XS, 0.337 (8.56 mm) 4 pol"
"1501004016";"TUBO (AC) A106-B, SC (PR), 80-XS, 0.432 (10.97 mm) 6 pol"
"1501004018";"TUBO (AC) A106-B, SC (PR), 80-XS, 0.500 (12.70 mm) 8 pol"
"1501004024";"TUBO (AC) A106-B, SC (PR), SCH-STD, 0.375 (9.53 mm) 12 pol"
"1501004032";"TUBO (AC) A106-B, SC (PL) S160, 0.250 (6.35 mm) 1 pol"
"1501004035";"TUBO (AC) A106-B, SC (PR), S160, 0.344 (8.74 mm) 2 pol"
"1501004036";"TUBO (AC) A106-B, SC (PR), 40-STD, 0.154 (3.91 mm) 2 pol"
"1501004038";"TUBO (AC) A106-B, SC (PR), 40-STD, 0.216 (5.49 mm) 3 pol"
"1501004041";"TUBO (AC) A106-B, SC (PR), 40-STD, 0.237 (6.02 mm) 4 pol"
"1501004043";"TUBO (AC) A106-B, SC (PR), S160, 0.719 (18.26 mm) 6 pol"
"1501004045";"TUBO (AC) A106-B, SC (PR), 40-STD, 0.280 (7.11 mm) 6 pol"
"1501004048";"TUBO (AC) A106-B, SC (PR), 40-STD, 0.322 (8.18 mm) 8 pol"
"1501004052";"TUBO (AC) A106-B, SC (PR), 40-STD, 0.365 (9.27 mm) 10 pol"
"1501004058";"TUBO (AC) A106-B, SC (PR), S40, 0.438 (11.13 mm) 14 pol"
"1501004059";"TUBO (AC) A106-B, SC (PR), S30-STD, 0.375 (9.53 mm) 14 pol"
"1501004061";"TUBO (AC) A106-B, SC (PR), S160, 0.375 (9.53 mm) 2.1/2 pol"
"1501004062";"TUBO (AC) A106-B, SC (PR), S60, 0.812 (20.62 mm) 20 pol"
"1501004086";"TUBO (AC) A106-B, SC (PL) 40-STD, 0.133 (3.38 mm) 1 pol"
"1501004097";"TUBO (AC) A106-B, SC (PL) 40-STD, 0.145 (3.68 mm) 1.1/2 pol"
"1501004238";"TUBO (AC) A106-B, SC (PR), S40, 0.406 (10.31 mm) 12 pol"
"1501004289";"TUBO (AC) A106-B, SC (PR), S40-XS, 0.500 (12.70 mm) 16 pol"
"1501004315";"TUBO (AC) A106-B, SC (PR), SCH-STD, 0.375 (9.53 mm) 18 pol"
"1501004320";"TUBO (AC) A106-B, SC (PR), S40, 0.562 (14.27 mm) 18 pol"
"1501017053";"TUBO (AC) A106 Gr B (PC) C/C SCH-40-STD (2 pol)"
"1502030015";"TUBO (AI) A269-316L (PL) ESP. 1.24mm 3/4 pol"
"1502030017";"TUBO (AI) A269-316L (PL) ESP. 3.00mm 1 pol"
"2303001007";"TUBO (AI) A269-316L (PL) ESP. 3.048mm 1 pol"
"1502002034";"TUBO (AI) A312-304L, S/C (PL) 40S (2.77 mm) 1/2 pol"
"1502002047";"TUBO (AI) A312-304L, S/C (PL) 40S, 0.133 pol (3.38 mm) 1 pol"
"1502002110";"TUBO (AI) A312-304L, S/C (PC) 10S, 0.120 pol (3.05 mm) 4 pol"
"1502002142";"TUBO (AI) A312-304L, S/C (PC) 10S, 0.134 pol (3.40 mm) 6 pol"
"1502003002";"TUBO (AI) A312-316L, S/C (PL) 80S (3.91 mm) 3/4 pol"
"1502003003";"TUBO (AI) A312-316L, S/C (PL) 80S, 0.179 pol (4.55 mm) 1 pol"
"1502003004";"TUBO (AI) A312-316L, S/C (PL) 80S (5.08 mm) 1.1/2 pol"
"1502003005";"TUBO (AI) A312-316L, S/C (PC) 40S, 0.154 pol (3.91 mm) 2 pol"
"1502003007";"TUBO (AI) A312-316L, S/C (PC) 40S, 0.216 pol (5.49 mm) 3 pol"
"1502003009";"TUBO (AI) A312-316L, S/C (PC) 40S, 0.237 pol (6.02 mm) 4 pol"
"1502003011";"TUBO (AI) A312-316L, S/C (PC) 40S, 0.280 pol (7.11 mm) 6 pol"
"1502003015";"TUBO (AI) A312-316L, S/C (PC) 40S (9.27 mm) 10 pol"
"1502003031";"TUBO (AI) A312-316L, S/C (PL) 40S (2.77 mm) 1/2 pol"
"1502003038";"TUBO (AI) A312-316L, S/C (PL) 10S (2.11 mm) 3/4 pol"
"1502003039";"TUBO (AI) A312-316L, S/C (PL) 40S (2.87 mm) 3/4 pol"
"1502003044";"TUBO (AI) A312-316L, S/C (PL) 40S, 0.133 pol (3.38 mm) 1 pol"
"1502003055";"TUBO (AI) A312-316L, S/C (PL) 40S (3.68 mm) 1.1/2 pol"
"1502003060";"TUBO (AI) A312-316L, S/C (PC) 10S, 0.109 pol (2.77 mm) 2 pol"
"1502003064";"TUBO (AI) A312-316L, S/C (PC) 80S, 0.218 pol (5.54 mm) 2 pol"
"1502003079";"TUBO (AI) A312-316L, S/C (PL) 80S (7.01 mm) 2.1/2 pol"
"1502003084";"TUBO (AI) A312-316L, S/C (PC) 10S, 0.120 pol (3.05 mm) 3 pol"
"1502003107";"TUBO (AI) A312-316L, S/C (PC) 10S, 0.120 pol (3.05 mm) 4 pol"
"1502003117";"TUBO (AI) A312-316L, S/C (PC) 80S, 0.337 pol (8.56 mm) 4 pol"
"1502003139";"TUBO (AI) A312-316L, S/C (PC) 10S, 0.134 pol (3.40 mm) 6 pol"
"1502003150";"TUBO (AI) A312-316L, S/C (PC) 80S (10.97 mm) 6 pol"
"1502009199";"TUBO (AI) A312-304L, C/C (PL) 40S (3.68 mm) 1.1/2 pol"
"1502010181";"TUBO (AI) A312-316L, C/C (PL) 40S (2.87 mm) 3/4 pol"
"1502010187";"TUBO (AI) A312-316L, C/C (PL) 40S, 0.133 pol (3.38 mm) 1 pol"
"1502010188";"TUBO (AI) A312-316L, C/C (PL) 80S, 0.179 pol (4.55 mm) 1 pol"
"1502010200";"TUBO (AI) A312-316L, C/C (PL) 80S (5.08 mm) 1.1/2 pol"
"1502010205";"TUBO (AI) A312-316L, C/C (PC) 10S, 0.109 pol (2.77 mm) 2 pol"
"1502010225";"TUBO (AI) A312-316L, C/C (PL) 80S (7.01 mm) 2.1/2 pol"
"1502010230";"TUBO (AI) A312-316L, C/C (PC) 10S, 0.120 pol (3.05 mm) 3 pol"
"1502010239";"TUBO (AI) A312-316L, C/C (PC) S-160 (11.13 mm) 3 pol"
"1502010254";"TUBO (AI) A312-316L, C/C (PC) 10S, 0.120 pol (3.05 mm) 4 pol"
"1502010287";"TUBO (AI) A312-316L, C/C (PC) 10S, 0.134 pol (3.40 mm) 6 pol"
"1502010303";"TUBO (AI) A312-316L, C/C (PC) S-160 (18.26 mm) 6 pol"
"1502010309";"TUBO (AI) A312-316L, C/C (PC) 10S, 0.148 pol (3.76 mm) 8 pol"
"1502010330";"TUBO (AI) A312-316L, C/C (PC) S-160 (23.01 mm) 8 pol"
"1502010334";"TUBO (AI) A312-316L, C/C (PC) 10S (4.19 mm) 10 pol"
"1502010342";"TUBO (AI) A312-316L, C/C (PC) 40S (9.27 mm) 10 pol"
"1502010482";"TUBO (AI) A312 TP-316L (PC) S-40S C/C 9.53mm (20 pol)"
"1502027009";"TUBO (AI) A312-321, S/C (PL) 40S (2.77 mm) 1/2 pol"
"1502027017";"TUBO (AI) A312-321, S/C (PL) 40S (2.87 mm) 3/4 pol"
"1502027022";"TUBO (AI) A312-321, S/C (PL) 40S, 0.133 pol (3.38 mm) 1 pol"
"1502027023";"TUBO (AI) A312 TP-321 (PL) S/C SCH-160 (1 pol)"
"1502027033";"TUBO (AI) A312-321, S/C (PL) 40S (3.68 mm) 1.1/2 pol"
"1502027038";"TUBO (AI) A312 TP-321 (PC) S/C SCH-10S (2 pol)"
"1502027070";"TUBO (AI) A312 TP-321 (PC) S/C SCH-160 (3 pol)"
"1502027085";"TUBO (AI) A312 TP-321 (PC) S/C SCH-10S (4 pol)"
"1502027096";"TUBO (AI) A312 TP-321 (PC) S/C ESP, 0.438 pol (11.13mm), (4 pol)"
"1502027097";"TUBO (AI) A312 TP-321 (PC) S/C S-160 (4 pol)"
"1502027117";"TUBO (AI) A312 TP-321 (PC) S/C SCH-10S (6 pol)"
"1502027138";"TUBO (AI) A312 TP-321 (PC) S/C SCH-10S (8 pol)"
"1502027162";"TUBO (AI) A312 TP-321 (PC) S/C SCH-10S (10 pol)"
"1502027360";"TUBO (AI) A312 TP-321 (PC) S/C 6.35mm (24 pol)"
"1502028181";"TUBO (AI) A312 TP-321 (PL) C/C SCH-40S (3/4 pol)"
"1502028182";"TUBO (AI) A312 TP-321 (PL) C/C SCH-80S (3/4 pol)"
"1502028187";"TUBO (AI) A312 TP-321 (PL) C/C SCH-40S (1 pol)"
"1502028188";"TUBO (AI) A312 TP-321 (PL) C/C SCH-80S (1 pol)"
"1502028200";"TUBO (AI) A312 TP-321 (PL) C/C 80S (1.1/2 pol)"
"1502028205";"TUBO (AI) A312 TP-321 (PC) C/C SCH-10S (2 pol)"
"1502028230";"TUBO (AI) A312-321, C/C (PC) 10S, 0.120 pol (3.05 mm) 3 pol"
"1502028239";"TUBO (AI) A312 TP-321 (PC) C/C SCH-160 (3 pol)"
"1502028287";"TUBO (AI) A312 TP-321 (PC) C/C SCH-10S (6 pol)"
"1502028303";"TUBO (AI) A312 TP-321 (PC) C/C SCH-160 (6 pol)"
"1502028309";"TUBO (AI) A312 TP-321 (PC) C/C SCH-10S (8 pol)"
"1502028317";"TUBO (AI) A312 TP-321 (PC) C/C SCH-40S (8 pol)"
"1502028330";"TUBO (AI) A312 TP-321 (PC) C/C SCH-160 (8 pol)"
"1502028334";"TUBO (AI) A312 TP-321 (PC) C/C SCH-10S (10 pol)"
"1502028451";"TUBO (AI) A312-321, C/C (PC) 10S (4.78 mm) 18 pol"
"1502028570";"TUBO (AI) A312-321, S/C (PL) 80S (3.73 mm) 1/2 pol"
"1502028571";"TUBO (AI) A312-321, S/C (PL) 80S (3.91 mm) 3/4 pol"
"1502028572";"TUBO (AI) A312 TP-321 (PL) S/C SCH-80S (1 pol)"
"1502028573";"TUBO (AI) A312 TP-321 (PL) S/C 80S (1.1/2 pol)"
"1502032009";"TUBO (AI) A312 TP-304 (PC) S/C SCH-40S (4 pol)"
"1502032047";"TUBO (AI) A312 TP-304 (PL) S/C SCH-40S (1 pol)"
"1502032058";"TUBO (AI) A312 TP-304 (PL) S/C SCH-40S (1.1/2 pol)"
"1502032082";"TUBO (AI) A312-304, S/C (PC) 80S, 0.276 pol (7.01 mm) 2.1/2 pol"
"1502033002";"TUBO (AI) A312-316, S/C (PL) 80S (3.91 mm) 3/4 pol"
"1501005002";"TUBO AC, A333 3, SC (PL) S160, 0.219 (5.56 mm) 3/4 pol"
"1501005003";"TUBO AC, A333 3, SC (PL) S160, 0.250 (6.35 mm) 1 pol"
"1501005011";"TUBO AC, A333 3, SC (PC) 40-STD, 0.365 (9.27 mm) 10 pol"
"1501005021";"TUBO (AC) A333-3 (PL) S/C SCH-80-XS (1/2 pol)"
"1501005027";"TUBO (AC) A333-3 (PL) S/C SCH-80-XS (3/4 pol)"
"1501005033";"TUBO (AC) A333-3 (PL) S/C SCH-80-XS (1 pol)"
"1501005046";"TUBO (AC) A333-3 (PL) S/C SCH-80-XS (1.1/2 pol)"
"1501005055";"TUBO AC, A333 3, SC (PC) 80-XS, 0.218 (5.54 mm) 2 pol"
"1501005113";"TUBO (AC) A333-3 (PC) S/C SCH-80-XS (4 pol)"
"1501005189";"TUBO AC, A333 3, SC (PC) S80, 0.594 (15.09 mm) 10 pol"
"1501005345";"TUBO (AC) A333-3 (PC) S/C SCH-80-XS (6 pol)"
"1501007002";"TUBO AC, A333 6, SC (PL) S160, 0.219 (5.56 mm) 3/4 pol"
"1501007003";"TUBO AC, A333 6, SC (PL) S160, 0.250 (6.35 mm) 1 pol"
"1501007004";"TUBO AC, A333 6, SC (PL) S160, 0.281 (7.14 mm) 1.1/2 pol"
"1501007006";"TUBO AC, A333 6, SC (PC) 40-STD, 0.216 (5.49 mm) 3 pol"
"1501007007";"TUBO AC, A333 6, SC (PC) 40-STD, 0.237 (6.02 mm) 4 pol"
"1501007008";"TUBO AC, A333 6, SC (PC) 40-STD, 0.280 (7.11 mm) 6 pol"
"1501007046";"TUBO AC, A333 6, SC (PL) 80-XS, 0.200 (5.08 mm) 1.1/2 pol"
"1501007047";"TUBO AC, A333 6, SC (PL) XXS, 0.400 (10.15 mm) 1.1/2 pol"
"1501007055";"TUBO AC, A333 6, SC (PC) 80-XS, 0.218 (5.54 mm) 2 pol"
"1501007058";"TUBO AC, A333 6, SC (PC) S160, 0.344 (8.74 mm) 2 pol"
"1501007059";"TUBO AC, A333 6, SC (PC) XXS, 0.436 (11.07 mm) 2 pol"
"1501007071";"TUBO AC, A333 6, SC (PC) 80-XS, 0.276 (7.01 mm) 2.1/2 pol"
"1501007084";"TUBO AC, A333 6, SC (PC) 80-XS, 0.300 (7.62 mm) 3 pol"
"1501007086";"TUBO AC, A333 6, SC (PC) XXS, 0.600 (15.24 mm) 3 pol"
"1501007114";"TUBO AC, A333 6, SC (PC) S160, 0.531 (13.49 mm) 4 pol"
"1501007162";"TUBO AC, A333 6, SC (PC) 40-STD, 0.322 (8.18 mm) 8 pol"
"1501007189";"TUBO AC, A333 6, SC (PC) S80, 0.594 (15.09 mm) 10 pol"
"1501007244";"TUBO AC, A333 6, SC (PC) S100, 0.938 (23.83 mm) 14 pol"
"1501016044";"TUBO AC, A333 6, CC (PC) 80-XS, 0.218 (5.54 mm) 2 pol"
"1501016060";"TUBO AC, A333 6, CC (PC) 80-XS, 0.276 (7.01 mm) 2.1/2 pol"
"1501016133";"TUBO AC, A333 6, CC (PC) 40-STD, 0.280 (7.11 mm) 6 pol"
"1502006207";"TUBO (AI) A358-304L CL1, C/C (PC) 10S (2.77 mm) 2 pol"
"1502007184";"TUBO (AI) A358-316L CL1, C/C (PL) 80S (3.91 mm) 3/4 pol"
"1502007190";"TUBO (AI) A358-316L CL1, C/C (PL) 80S (4.55 mm) 1 pol"
"1502007207";"TUBO (AI) A358-316L CL1, C/C (PC) 10S (2.77 mm) 2 pol"
"1502007209";"TUBO (AI) A358-316L CL1, C/C (PC) 40S (3.91 mm) 2 pol"
"1502007212";"TUBO (AI) A358-316L CL1, C/C (PC) 80S (5.54 mm) 2 pol"
"1502007227";"TUBO (AI) A358-316L CL1, C/C (PC) 80S (7.01 mm) 2.1/2 pol"
"1502007237";"TUBO (AI) A358-316L CL1, C/C (PC) 40S (5.49 mm) 3 pol"
"1502007240";"TUBO (AI) A358-316L CL1, C/C (PC) 80S (7.62 mm) 3 pol"
"1502007256";"TUBO (AI) A358-316L CL1, C/C (PC) 10S (3.05 mm) 4 pol"
"1502007263";"TUBO (AI) A358-316L CL1, C/C (PC) 40S (6.02 mm) 4 pol"
"1502007289";"TUBO (AI) A358-316L CL1, C/C (PC) 10S (3.40 mm) 6 pol"
"1502007297";"TUBO (AI) A358-316L CL1, C/C (PC) 40S (7.11 mm) 6 pol"
"1502007301";"TUBO (AI) A358-316L CL1, C/C (PC) 80S (10.97 mm) 6 pol"
"1502007311";"TUBO (AI) A358-316L CL1, C/C (PC) 10S (3.76 mm) 8 pol"
"1502007344";"TUBO (AI) A358-316L CL1, C/C (PC) 40S (9.27 mm) 10 pol"
"1502007360";"TUBO (AI) A358-316L CL1, C/C (PC) 10S (4.57 mm) 12 pol"
"1502013067";"TUBO (AI) A358-304L CL1, S/C (PC) 10S (3.05 mm) 3 pol"
"1502014009";"TUBO (AI) A358-316L CL1, S/C (PL) 40S (2.77 mm) 1/2 pol"
"1502014018";"TUBO (AI) A358-316L CL1, S/C (PL) 40S (2.87 mm) 3/4 pol"
"1502014024";"TUBO (AI) A358-316L CL1, S/C (PL) 40S (3.38 mm) 1 pol"
"1502014036";"TUBO (AI) A358-316L CL1, S/C (PL) 40S (3.68 mm) 1.1/2 pol"
"1502014042";"TUBO (AI) A358-316L CL1, S/C (PC) 10S (2.77 mm) 2 pol"
"1502014047";"TUBO (AI) A358-316L CL1, S/C (PC) 80S (5.54 mm) 2 pol"
"1502014062";"TUBO (AI) A358-316L CL1, S/C (PC) 80S (7.01 mm) 2.1/2 pol"
"1502014067";"TUBO (AI) A358-316L CL1, S/C (PC) 10S (3.05 mm) 3 pol"
"1502014072";"TUBO (AI) A358-316L CL1, S/C (PC) 40S (5.49 mm) 3 pol"
"1502014091";"TUBO (AI) A358-316L CL1, S/C (PC) 10S (3.05 mm) 4 pol"
"1502014102";"TUBO (AI) A358-316L CL1, S/C (PC) 80S (8.56 mm) 4 pol"
"1502014124";"TUBO (AI) A358-316L CL1, S/C (PC) 10S (3.40 mm) 6 pol"
"1502014136";"TUBO (AI) A358-316L CL1, S/C (PC) 80S (10.97 mm) 6 pol"
"1502014171";"TUBO (AI) A358-316L CL1, S/C (PC) 10S (4.19 mm) 10 pol"
"1502014179";"TUBO (AI) A358-316L CL1, S/C (PC) 40S (9.27 mm) 10 pol"
"1502031189";"TUBO (AI) A358 TP-321 CL1 ou 3 (PL) C/C SCH-40S (1 pol)"
"1502031201";"TUBO (AI) A358 TP-321 CL1 ou 3 (PL) C/C SCH-40S (1.1/2 pol)"
"1502031207";"TUBO (AI) A358 TP-321 CL1 ou 3 (PC) C/C 10S (2 pol)"
"1502031232";"TUBO (AI) A358 TP-321 CL1 ou 3 (PC) C/C SCH-10S (3 pol)"
"1502031268";"TUBO (AI) A358 TP-321 CL1 ou 3 (PC) C/C SCH-120 (4 pol)"
"1502031289";"TUBO (AI) A358 TP-321 CL1 ou 3 (PC) C/C SCH-10S (6 pol)"
"1502031319";"TUBO (AI) A358 TP-321 CL1 ou 3 (PC) C/C SCH-40S (8 pol)"
"1501009002";"TUBO AC, GALV. A53B, SC (PR) 80-XS, 0.154 (3.91 mm) 3/4 pol"
"1501009003";"TUBO AC, GALV. A53B, SC (PR) 80-XS, 0.179 (4.55 mm) 1 pol"
"1501009004";"TUBO AC, GALV. A53B, SC (PR) 80-XS (5.08 mm) 1.1/2 pol"
"1501009005";"TUBO AC, GALV. A53B, SC (PR) 80-XS, 0.218 (5.54 mm) 2 pol"
"1501009007";"TUBO AC, GALV. A53B, SC (PR) 40-STD, 0.154 (3.91 mm) 2 pol"
"1501009052";"TUBO AC GALV. A53B, SC (PR) 40-STD (3.68 mm) 1.1/2 pol"
"1501011002";"TUBO AC, A53B, SC (PL) 80-XS, 0.154 (3.91 mm) 3/4 pol"
"1501011003";"TUBO AC, A53B, SC (PL) 80-XS, 0.179 (4.55 mm) 1 pol"
"1501011004";"TUBO AC, A53B, SC (PL) 80-XS, 0.200 (5.08 mm) 1.1/2 pol"
"1501011005";"TUBO AC, A53B, SC (PC) 80-XS, 0.218 (5.54 mm) 2 pol"
"1501011007";"TUBO AC, A53B, SC (PL) 40-STD, 0.145 (3.68 mm) 1.1/2 pol"
"1501011008";"TUBO AC, A53B, SC (PC) 40-STD, 0.154 (3.91 mm) 2 pol"
"1501011009";"TUBO AC, A53B, SC (PC) 40-STD, 0.203 (5.16 mm) 2.1/2 pol"
"1501011010";"TUBO AC, A53B, SC (PC) 40-STD, 0.216 (5.49 mm) 3 pol"
"1501011011";"TUBO AC, A53B, SC (PC) 40-STD, 0.237 (6.02 mm) 4 pol"
"1501011012";"TUBO AC, A53B, SC (PC) 40-STD, 0.280 (7.11 mm) 6 pol"
"1501011040";"TUBO AC, A53B, SC (PL) 40-STD, 0.133 (3.38 mm) 1 pol"
"1501011046";"TUBO AC GALV. A53B, SC (PR) 40-STD (3.56 mm) 1.1/4 pol"
"1501011047";"TUBO AC, A53B, SC (PL) 80-XS, 0.191 (4.85 mm) 1.1/4 pol"
"1501011088";"TUBO AC, A53B, SC (PC) 80-XS, 0.300 (7.62 mm) 3 pol"
"1501011090";"TUBO AC, A53B, SC (PL) ESP,0.600-XXS,(15.24 mm) 3 pol"
"1501011116";"TUBO AC, A53B, SC (PC) 80-XS, 0.337 (8.56 mm) 4 pol"
"1501011149";"TUBO AC, A53B, SC (PC) 80-XS, 0.432 (10.97 mm) 6 pol"
"1501012001";"TUBO AC, A53B, CC (PC) 40-STD, 0.154 (3.91 mm) 2 pol"
"1501012004";"TUBO AC, A53B, CC (PC) 40-STD, 0.216 (5.49 mm) 3 pol"
"1501012015";"TUBO AC, GALV. A53 GR.B, CC (PR) 40-STD, 0.322 pol (8.18 mm) 8 pol"
"1501012016";"TUBO AC, A53B, CC (PC) 80-XS, 0.500 (12.70 mm) 8 pol"
"1501012077";"TUBO AC, A53B, CC (PL) 40-STD, 0.113 (2.87 mm) 3/4 pol"
"1501012084";"TUBO AC, A53B, CC (PL) 40-STD, 0.133 (3.38 mm) 1 pol"
"1501012098";"TUBO AC, A53B, CC (PL) 40-STD, 0.145 (3.68 mm) 1.1/2 pol"
"1501023003";"TUBO (AC) A53-A (PL) C/C SCH-40-STD (1 pol)"
"1501023005";"TUBO (AC) A53-A (PL) C/C SCH-40-STD (1.1/2 pol)"
"1501001045";"TUBO AC, A671 CF71 CL32, CC (PC) S20, 0.312 (7.92 mm) 14 pol"
"1501001130";"TUBO AC, A671 CF71 CL32, CC (PC) STD 0.375 (9.53 mm) 20 pol"
"1501008130";"TUBO AC, A671 CC60 CL22, CC (PC) STD 0.375 (9.53 mm) 20 pol"
"1502017009";"TUBO (AI) A790 (S32760) S/C (PL) 40S, 0.109 (2.77 mm) 1/2"
"1502017018";"TUBO (AI) A790 (S32760) S/C (PL) 40S, 0.113 (2.87 mm) 3/4"
"1502017024";"TUBO (AI) A790 (S32760) S/C (PL) 40S, 0.133 (3.38 mm) 1"
"1502017035";"TUBO (AI) A790 (S32760) S/C (PC) 10S, 0.109 (2.77 mm) DN 1.1/2 pol"
"1502017036";"TUBO (AI) A790 (S32760) S/C (PL) 40S, 0.145 (3.68 mm) 1.1/2"
"1502017042";"TUBO (AI) A790 (S32760) S/C (PC) 10S, 0.109 (2.77 mm) 2"
"1502017044";"TUBO (AI) A790 (S32760) S/C (PC) 40S, 0.154 (3.91 mm) 2"
"1502017047";"TUBO (AI) A790 (S32760) S/C (PC) 80S, 0.218 (5.54 mm) 2"
"1502017067";"TUBO (AI) A790 (S32760) S/C (PC) 10S, 0.120 (3.05 mm) 3"
"1502017091";"TUBO (AI) A790 (S32760) S/C (PC) 10S, 0.120 (3.05 mm) 4"
"1502017108";"TUBO (AI) A790 (S32760) S/C (PC) 0.125 (3.18 mm) 5"
"1502017124";"TUBO (AI) A790 (S32760) S/C (PC) 10S, 0.134 (3.40 mm) 6"
"1502017146";"TUBO (AI) A790 (S32760) S/C (PC) 10S, 0.148 (3.76 mm) 8"
"1502017195";"TUBO (AI) A790 (S32760) S/C (PC) 10S, 0.180 (4.57 mm) 12"
"1502018358";"TUBO (AI) A790 (S32760) C/C (PC) 10S, 0.180 (4.57 mm) 12"
"1502018367";"TUBO (AI) A790 (S32760) C/C (PC) 40S, 0.375 (9.53 mm) 12 POL"
"1502019013";"TUBO (AI) A790 (S31803) S/C (PL) 80S, 0.218 (5.54 mm) 1/2 POL"
"1502019019";"TUBO (AI) A790 (S31803) S/C (PL) 80S, 0.154 (3.91 mm) 3/4"
"1502019020";"TUBO (AI) A790 (S31803) S/C (PL) S-160, 0.219 (5.56 mm) 3/4"
"1502019024";"TUBO (AI) A790 (S31803) S/C (PL) 40S, 0.133 (3.38 mm) 1"
"1502019025";"TUBO (AI) A790 (S31803) S/C (PL) 80S, 0.179 (4.55 mm) 1"
"1502019037";"TUBO (AI) A790 (S31803) S/C (PL) 80S, 0.200 (5.08 mm) 1.1/2"
"1502019047";"TUBO (AI) A790 (S31803) S/C (PC) 80S, 0.218 (5.54 mm) 2"
"1502019067";"TUBO (AI) A790 (S31803) S/C (PC) 10S, 0.120 (3.05 mm) 3"
"1502019091";"TUBO (AI) A790 (S31803) S/C (PC) 10S, 0.120 (3.05 mm) 4 POL"
"1502019098";"TUBO (AI) A790 (S31803) S/C (PC) 40S, 0.237 (6.02 mm) 4 pol"
"1502019102";"TUBO (AI) A790 (S31803) S/C (PC) 80S, 0.337 (8.56 mm) 4"
"1502019124";"TUBO (AI) A790 (S31803) S/C (PC) 10S, 0.134 (3.40 mm) 6"
"1502019132";"TUBO (AI) A790 (S31803) S/C (PC) 40S, 0.280 (7.11 mm) 6"
"1502019288";"TUBO (AI) A790 (S31803) S/C (PC) 10S, 0.188 (4.78 mm) 18"
"1502020188";"TUBO (AI) A790 (S31803) C/C (PL) 80S, 0.179 (4.55 mm) 1"
"1502020210";"TUBO (AI) A790 (S31803) C/C (PC) 80S, 0.218 (5.54 mm) 2"
"1502020334";"TUBO (AI) A790 (S31803) C/C (PC) 10S, 0.165 (4.19 mm) 10"
"1502020538";"TUBO (AI) A790 (S31803) C/C (PC)   0.250 (6.35 mm) 24"
"1502026009";"TUBO (AI) A790 (S32750) S/C (PC) 10S, 0.109 (2.77 mm) 2 "
"1502026011";"TUBO (AI) A790 (S32750) S/C (PC) 10S, 0.147 (3.05 mm) 3"""
"1502026013";"TUBO (AI) A790 (S32750) (PC) S/C SCH-10S (4 pol)"
"1502026015";"TUBO (AI) A790 (S32750) S/C (PC) 10S, 0.134 (3.40 mm) 6 pol"
"1502026017";"TUBO (AI) A790 (S32760) S/C (PC) 10S, 0.165 (4.19 mm) 10 POL"
"1502026020";"TUBO (AI) A790 (S32750) (PC) S/C SCH-10S (16 pol)"
"1502026022";"TUBO (AI) A790 (S32750) (PC) S/C SCH-10S (20 pol)"
"1502026027";"TUBO (AI) A790 (S32750) S/C (PL) 40S, 0.109 (2.77 mm) 1/2"""
"1502026031";"TUBO (AI) A790 (S32750) S/C (PL) 80S, 0.147 (3.73 mm) 1/2"""
"1502026035";"TUBO (AI) A790 (S32750) S/C (PL) 40S, 0.113 (2.87 mm) 3/4"
"1502026036";"TUBO (AI) A790 (S32750) S/C (PL) 80S, 0.154 (3.91 mm) 3/4"
"1502026040";"TUBO (AI) A790 (S32750) S/C (PL) 40S, 0.133 (3.38 mm) 1 POL"
"1502026041";"TUBO (AI) A790 (S32750) S/C (PC) 80S, 0.179 (4.55 mm) 1 POL"
"1502026050";"TUBO (AI) A790 (S32750) S/C (PL) 40S, 0.145 (3.68 mm) 1.1/2"
"1502026057";"TUBO (AI) A790 (S32750) S/C (PC) 40S, 0.154 (3.91 mm) 2 POL"
"1502026060";"TUBO (AI) A790 (S32750) S/C (PC) 80S, 0.218 (5.54 mm) 2"
"1502026139";"TUBO (AI) A790 (S32750) (PC) S/C SCH-40S (6 pol)"
"1502026143";"TUBO (AI) A790 (S32750) (PC) S/C SCH-80S (6 pol)"
"1502026157";"TUBO (AI) A790 (S32750) S/C (PC) , 0.250 (12.70 mm) 8"
"1502026165";"TUBO (AI) A790 (S32750) S/C (PL) 80S, 0.500 (12.70 mm) 8"""
"1502029187";"TUBO (AI) A790 (S32750) (PL) C/C SCH-40S (1 pol)"
"1502029197";"TUBO (AI) A790 (S32750) (PL) C/C SCH-5S (1.1/2 pol)"
"1502029295";"TUBO (AI) A790 (S32750) (PC) C/C SCH-40S (6 pol)"
"1502029309";"TUBO (AI) A790 (S32750) (PC) C/C SCH-10S (8 pol)"
"1502029334";"TUBO (AI) A790 (S32750) (PC) C/C SCH-10S (10 pol)"
"1502029374";"TUBO (AI) A790 (S32750) (PC) C/C ESP. 0.750MM (12 pol)"
"1502029392";"TUBO (AI) A790 (S32750) C/C (PC) 10S, 0.188 (4.78 mm) 14 pol"
"1502029478";"TUBO (AI) A790 (S32750) C/C (PC) 10S, 0.218 (5.54 mm) 20 pol"
"1502021171";"TUBO (AI) A928 (S32760) S/C (PC) 10S, 0.165 (4.19 mm) 10"
"1502021195";"TUBO (AI) A928 (S32760) S/C (PC) 10S, 0.180 (4.57 mm) 12"
"1502021259";"TUBO (AI) A928 (S32760) S/C (PC) 10S, 0.188 (4.78 mm) 16"
"1502022334";"TUBO (AI) A928 (S32760) C/C (PC) 10S, 0.165 (4.19 mm) 10"
"1502022358";"TUBO (AI) A928 (S32760) C/C (PC) 10S, 0.180 (4.57 mm) 12"
"1502022392";"TUBO (AI) A928 (S32760) C/C (PC) 10S, 0.188 (4.78 mm) 14"
"1502022422";"TUBO (AI) A928 (S32760) C/C (PC) 10S, 0.188 (4.78 mm) 16"
"1502022426";"TUBO (AI) A928 (S32760) S/C (PC), 0.375 (9.53 mm) 16"
"1502022451";"TUBO (AI) A928 (S32760) C/C (PC) 10S, 0.188 (4.78 mm) 18"
"1502023047";"TUBO (AI) A928 (S31803) S/C (PC) 80S, 0.218 (5.54 mm) 2"
"1502023091";"TUBO (AI) A928 (S31803) S/C (PC) 10S, 0.120 (3.05 mm) 4"
"1502023229";"TUBO (AI) A928 (S31803) S/C (PC) 10S, 0.188 (4.78 mm) 14"
"1502023263";"TUBO (AI) A928 (S31803) S/C (PC), 0.375 (9.53 mm) 16 POL"
"1502024436";"TUBO (AI) A928 (S31803) C/C (PC) 40S, 0.500 (12.70 mm) 16 POL"
"1502025012";"TUBO (AI) A928 (S32750) C/C (PC) 10S, 0.134 (3.40 mm) 6 "
"1502025013";"TUBO (AI) A928 (S32750) C/C (PC) 10S, 0.148 (3.76 mm) 8 "
"1502025014";"TUBO (AI) A928 (S32750) C/C (PC) 10S, 0.165 (4.19 mm) 10 "
"1502025015";"TUBO (AI) A928 (S32750) C/C (PC) 10S, 0.180 (4.57 mm) 12 "
"1502025017";"TUBO (AI) A928 (S32750) C/C (PC) 10S, 0.188 (4.78 mm) 16 "
"1502025019";"TUBO (AI) A928 (S32750) C/C (PC) 10S, 0.218 (5.54 mm) 20 "
"1502025020";"TUBO (AI) A928 (S32750) C/C (PC) 10S, 0.218 (5.54 mm) 22"
"1501002001";"TUBO AC, API 5L B, SC (PL) 80-XS, 0.147 (3.73 mm) 1/2 pol"
"1501002002";"TUBO AC, API 5L B, SC (PL) 80-XS, 0.154 (3.91 mm) 3/4 pol"
"1501002003";"TUBO AC, API 5L B, SC (PL) 80-XS, 0.179 (4.55 mm) 1 pol"
"1501002004";"TUBO AC, API 5L B, SC (PL) XXS, 0.294 (7.47 mm) 1/2 pol"
"1501002005";"TUBO AC, API 5L B, SC (PL) 80-XS, 0.200 (5.08 mm) 1.1/2 pol"
"1501002006";"TUBO AC, API 5L B, SC (PL) XXS, 0.308 (7.82 mm) 3/4 pol"
"1501002007";"TUBO AC, API 5L B, SC (PC) 80-XS, 0.218 (5.54 mm) 2 pol"
"1501002008";"TUBO AC, API 5L B, SC (PC) 80-XS, 0.300 (7.62 mm) 3 pol"
"1501002009";"TUBO AC, API 5L B, SC (PC) 80-XS, 0.337 (8.56 mm) 4 pol"
"1501002010";"TUBO AC, API 5L B, SC (PC) S120, 0.438 (11.13 mm) 4 pol"
"1501002011";"TUBO AC, API 5L B, SC (PC) 80-XS, 0.432 (10.97 mm) 6 pol"
"1501002012";"TUBO AC, API 5L B, SC (PC) S120, 0.562 (14.27 mm) 6 pol"
"1501002013";"TUBO AC, API 5L B, SC (PC) S20, 0.250 (6.35 mm) 8 pol"
"1501002014";"TUBO AC, API 5L B, SC (PC) 80-XS, 0.500 (12.70 mm) 8 pol"
"1501002015";"TUBO AC, API 5L B, SC (PC) S120, 0.719 (18.26 mm) 8 pol"
"1501002016";"TUBO AC, API 5L B, SC (PC) S20, 0.250 (6.35 mm) 10 pol"
"1501002017";"TUBO AC, API 5L B, SC (PC) S80, 0.594 (15.09 mm) 10 pol"
"1501002018";"TUBO AC, API 5L B, SC (PC) S120, 0.844 (21.44 mm) 10 pol"
"1501002019";"TUBO AC, API 5L B, SC (PC) S20, 0.250 (6.35 mm) 12 pol"
"1501002020";"TUBO AC, API 5L B, SC (PC) S80, 0.688 (17.48 mm) 12 pol"
"1501002021";"TUBO (AC) API 5L B PSL1 (PL) S/C ESP. 6.35mm (1/4 pol)"
"1501002022";"TUBO AC, API 5L B, SC (PC) SCH-STD, 0.375 (9.53 mm) 12 pol"
"1501002023";"TUBO AC, API 5L B, SC (PC) SCH-XS, 0.500 (12.70 mm) 12 pol"
"1501002025";"TUBO AC, API 5L B, SC (PC) S10, 0.250 (6.35 mm) 14 pol"
"1501002028";"TUBO AC, API 5L B, SC (PL) S160, 0.188 (4.78 mm) 1/2 pol"
"1501002029";"TUBO AC, API 5L B, SC (PL) S160, 0.219 (5.56 mm) 3/4 pol"
"1501002030";"TUBO AC, API 5L B, SC (PL) XXS, 0.358 (9.09 mm) 1 pol"
"1501002031";"TUBO AC, API 5L B, SC (PL) S160, 0.250 (6.35 mm) 1 pol"
"1501002032";"TUBO AC, API 5L B, SC (PL) XXS, 0.400 (10.15 mm) 1.1/2 pol"
"1501002033";"TUBO AC, API 5L B, SC (PL) S160, 0.281 (7.14 mm) 1.1/2 pol"
"1501002034";"TUBO AC, API 5L B, SC (PC) S160, 0.344 (8.74 mm) 2 pol"
"1501002035";"TUBO AC, API 5L B, SC (PC) 40-STD, 0.154 (3.91 mm) 2 pol"
"1501002036";"TUBO AC, API 5L B, SC (PC) S160, 0.438 (11.13 mm) 3 pol"
"1501002037";"TUBO AC, API 5L B, SC (PC) 40-STD, 0.216 (5.49 mm) 3 pol"
"1501002038";"TUBO AC, API 5L B, SC (PC) S160, 0.531 (13.49 mm) 4 pol"
"1501002039";"TUBO AC, API 5L B, SC (PC) 40-STD, 0.237 (6.02 mm) 4 pol"
"1501002040";"TUBO AC, API 5L B, SC (PC) XXS, 0.674 (17.12 mm) 4 pol"
"1501002041";"TUBO AC, API 5L B, SC (PC) S160, 0.719 (18.26 mm) 6 pol"
"1501002042";"TUBO AC, API 5L B, SC (PC) 40-STD, 0.280 (7.11 mm) 6 pol"
"1501002043";"TUBO AC, API 5L B, SC (PC) S100, 0.594 (15.09 mm) 8 pol"
"1501002044";"TUBO AC, API 5L B, SC (PC) S60, 0.406 (10.31 mm) 8 pol"
"1501002045";"TUBO AC, API 5L B, SC (PC) 40-STD, 0.322 (8.18 mm) 8 pol"
"1501002047";"TUBO AC, API 5L B, SC (PC) S60-XS, 0.500 (12.70 mm) 10 pol"
"1501002048";"TUBO AC, API 5L B, SC (PC) 40-STD, 0.365 (9.27 mm) 10 pol"
"1501002049";"TUBO AC, API 5L B, SC (PC) SCH-100, 0.844 (21.44 mm) 12 pol"
"1501002050";"TUBO AC, API 5L B, SC (PC) S40, 0.406 (10.31 mm) 12 pol"
"1501002052";"TUBO AC, API 5L B, SC (PC) S40, 0.438 (11.13 mm) 14 pol"
"1501002057";"TUBO AC, API 5L B, SC (PL) S10, 0.065 (1.65 mm) 1/4 pol"
"1501002068";"TUBO AC, API 5L B, SC (PL) 40-STD, 0.109 (2.77 mm) 1/2 pol"
"1501002072";"TUBO AC, API 5L B, SC (PL) 40-STD, 0.113 (2.87 mm) 3/4 pol"
"1501002075";"TUBO AC, API 5L B, SC (PL) S30, 0.114 (2.90 mm) 1 pol"
"1501002076";"TUBO AC, API 5L B, SC (PL) 40-STD, 0.133 (3.38 mm) 1 pol"
"1501002080";"TUBO AC, API 5L B, SC (PL) 40-STD, 0.140 (3.56 mm) 1.1/4 pol"
"1501002081";"TUBO AC, API 5L B, SC (PL) 80-XS, 0.191 (4.85 mm) 1.1/4 pol"
"1501002083";"TUBO AC, API 5L B, SC (PL) XXS, 0.382 (9.70 mm) 1.1/4 pol"
"1501002087";"TUBO AC, API 5L B, SC (PL) 40-STD, 0.145 (3.68 mm) 1.1/2 pol"
"1501002098";"TUBO AC, API 5L B, SC (PC) XXS, 0.436 (11.07 mm) 2 pol"
"1501002107";"TUBO AC, API 5L B, SC (PC) 40-STD, 0.203 (5.16 mm) 2.1/2 pol"
"1501002110";"TUBO AC, API 5L B, SC (PC) 80-XS, 0.276 (7.01 mm) 2.1/2 pol"
"1501002123";"TUBO AC, API 5L B, SC (PC) XXS, 0.600 (15.24 mm) 3 pol"
"1501002132";"TUBO AC, API 5L B, SC (PC) 40-STD, 0.226 (5.74 mm) 3.1/2 pol"
"1501002137";"TUBO AC, API 5L B, SC (PC) 0.109 (2.77 mm) 4 pol"
"1501002156";"TUBO AC, API 5L B, SC (PC) 40-STD, 0.258 (6.55 mm) 5 pol"
"1501002160";"TUBO AC, API 5L B, SC (PC) 80-XS, 0.375 (9.53 mm) 5 pol"
"1501002162";"TUBO AC, API 5L B, SC (PC) S160, 0.625 (15.88 mm) 5 pol"
"1501002163";"TUBO AC, API 5L B, SC (PC) XXS, 0.750 (19.05 mm) 5 pol"
"1501002175";"TUBO AC, API 5L B, SC (PC) 0.312 (7.92 mm) 6 pol"
"1501002181";"TUBO AC, API 5L B, SC (PC) XXS, 0.864 (21.95 mm) 6 pol"
"1501002201";"TUBO AC, API 5L B, SC (PC) 1.000 (25.40 mm) 8 pol"
"1501002202";"TUBO AC, API 5L B, SC (PC) SCH-5, 0.134 (3.40 mm) 10 pol"
"1501002208";"TUBO AC, API 5L B, SC (PC), 0.279 (7.09 mm) 10 pol"
"1501002218";"TUBO AC, API 5L B, SC (PC) S160, 1.125 (28.58 mm) 10 pol"
"1501002228";"TUBO AC, API 5L B, SC (PC) S30, 0.330 (8.38 mm) 12 pol"
"1501002236";"TUBO AC, API 5L B, SC (PC) S120-XXS, 1.000 (25.40 mm) 12 pol"
"1501002247";"TUBO AC, API 5L B, SC (PC) S20, 0.312 (7.92 mm) 14 pol"
"1501002269";"TUBO AC, API 5L B, SC (PC) 0.188 (4.78 mm) 16 pol"
"1501002272";"TUBO AC, API 5L B, SC (PC) S10, 0.250 (6.35 mm) 16 pol"
"1501002274";"TUBO AC, API 5L B, SC (PC) S20, 0.312 (7.92 mm) 16 pol"
"1501002280";"TUBO AC, API 5L B, SC (PC) S40-XS, 0.500 (12.70 mm) 16 pol"
"1501002295";"TUBO AC, API 5L B, SC (PC) S120, 1.219 (30.96 mm) 16 pol"
"1501002301";"TUBO AC, API 5L B, SC (PC) 0.219 (5.56 mm) 18 pol"
"1501002302";"TUBO AC, API 5L B, SC (PC) S10, 0.250 (6.35 mm) 18 pol"
"1501002310";"TUBO AC, API 5L B, SC (PC) SCH-XS, 0.500 (12.70 mm) 18 pol"
"1501002329";"TUBO AC, API 5L B, SC (PC) S10, 0.250 (6.35 mm) 20 pol"
"1501002333";"TUBO AC, API 5L B, SC (PC) S20-STD, 0.375 (9.53 mm) 20 pol"
"1501002347";"TUBO AC, API 5L B, SC (PC) S80, 1.031 (26.19 mm) 20 pol"
"1501002368";"TUBO AC, API 5L B, SC (PC) S30-XS, 0.500 (12.70 mm) 22 pol"
"1501002425";"TUBO AC, API 5L B, SC (PC) SCH-STD, 0.375 (9.53 mm) 26 pol"
"1501002463";"TUBO AC, API 5L B, SC (PC) S20-XS, 0.500 (12.70 mm) 30 pol"
"1501003001";"TUBO AC, API 5L B, CC (PC) 40-STD, 0.154 (3.91 mm) 2 pol"
"1501003004";"TUBO AC, API 5L B, CC (PC) 80-XS, 0.218 (5.54 mm) 2 pol"
"1501003006";"TUBO AC, API 5L B, CC (PC) 40-STD, 0.216 (5.49 mm) 3 pol"
"1501003009";"TUBO AC, API 5L B, CC (PC) 80-XS, 0.300 (7.62 mm) 3 pol"
"1501003011";"TUBO AC, API 5L B, CC (PC) 40-STD, 0.237 (6.02 mm) 4 pol"
"1501003014";"TUBO AC, API 5L B, SC (PC) S80, 0.337 (8.56 mm) 4 pol"
"1501003018";"TUBO AC, API 5L B, CC (PC) 40-STD, 0.280 (7.11 mm) 6 pol"
"1501003027";"TUBO AC, API 5L B, CC (PC) S20, 0.250 (6.35 mm) 8 pol"
"1501003028";"TUBO AC, API 5L B, CC (PC) 40-STD, 0.322 (8.18 mm) 8 pol"
"1501003037";"TUBO AC, API 5L B, CC (PC) S20, 0.250 (6.35 mm) 10 pol"
"1501003038";"TUBO AC, API 5L B, CC (PC) 40-STD, 0.365 (9.27 mm) 10 pol"
"1501003047";"TUBO AC, API 5L B, CC (PC) S20, 0.250 (6.35 mm) 12 pol"
"1501003056";"TUBO AC, API 5L B, CC (PC) SCH-STD, 0.375 (9.53 mm) 12 pol"
"1501003059";"TUBO AC, API 5L B, CC (PC) SCH-XS, 0.500 (12.70 mm) 12 pol"
"1501003062";"TUBO AC, API 5L B, CC (PC) S80, 0.750 (19.05 mm) 14 pol"
"1501003065";"TUBO AC, API 5L B, CC (PC) S10, 0.250 (6.35 mm) 14 pol"
"1501003067";"TUBO AC, API 5L B, CC (PC) S30, 0.375 (9.53 mm) 14 pol"
"1501003070";"TUBO AC, API 5L B, CC (PC) SCH-XS, 0.500 (12.70 mm) 14 pol"
"1501003071";"TUBO AC, API 5L B, CC (PC) S10, 0.250 (6.35 mm) 16 pol"
"1501003072";"TUBO AC, API 5L B, CC (PC) 30-STD, 0.375 (9.53 mm) 16 pol"
"1501003073";"TUBO AC, API 5L B, CC (PC) S40-XS, 0.500 (12.70 mm) 16 pol"
"1501003074";"TUBO AC, API 5L B, CC (PC) S10, 0.250 (6.35 mm) 18 pol"
"1501003076";"TUBO AC, API 5L B, CC (PC) SCH-XS, 0.500 (12.70 mm) 18 pol"
"1501003078";"TUBO AC, API 5L B, CC (PC) S20-STD, 0.375 (9.53 mm) 20 pol"
"1501003079";"TUBO AC, API 5L B, CC (PC) S30-XS, 0.500 (12.70 mm) 20 pol"
"1501003081";"TUBO AC, API 5L B, CC (PC) S20-STD, 0.375 (9.53 mm) 24 pol"
"1501003084";"TUBO AC, API 5L B, CC (PC) S20-XS, 0.500 (12.70 mm) 26 pol"
"1501003088";"TUBO AC, API 5L B, CC (PC) S20-XS, 0.500 (12.70 mm) 30 pol"
"1501003116";"TUBO AC, API 5L B, CC (PL) 80-XS, 0.154 (3.91 mm) 3/4 pol"
"1501003123";"TUBO AC, API 5L B, CC (PL) 80-XS, 0.179 (4.55 mm) 1 pol"
"1501003124";"TUBO AC, API 5L B, CC (PL) S160, 0.250 (6.35 mm) 1 pol"
"1501003136";"TUBO AC, API 5L B, CC (PL) 40-STD, 0.145 (3.68 mm) 1.1/2 pol"
"1501003137";"TUBO AC, API 5L B, CC (PL) 80-XS, 0.200 (5.08 mm) 1.1/2 pol"
"1501003138";"TUBO AC, API 5L B, CC (PL) S160, 0.281 (7.14 mm) 1.1/2 pol"
"1501003161";"TUBO AC, API 5L B, CC (PC) 80-XS, 0.276 (7.01 mm) 2.1/2 pol"
"1501003209";"TUBO AC, API 5L B, CC (PC) 40-STD, 0.258 (6.55 mm) 5 pol"
"1501003215";"TUBO AC, API 5L B, CC (PC) S160, 0.625 (15.88 mm) 5 pol"
"1501003258";"TUBO AC, API 5L B, CC (PC) S10, 0.165 (4.19 mm) 10 pol"
"1501003266";"TUBO AC, API 5L B, CC (PC) S60-XS, 0.500 (12.70 mm) 10 pol"
"1501003276";"TUBO AC, API 5L B, CC (PC) 0.172 (4.37 mm) 12 pol"
"1501003277";"TUBO AC, API 5L B, CC (PC) S10, 0.180 (4.57 mm) 12 pol"
"1501003283";"TUBO AC, API 5L B, CC (PC) S30, 0.330 (8.38 mm) 12 pol"
"1501003285";"TUBO AC, API 5L B, CC (PC) S40, 0.406 (10.31 mm) 12 pol"
"1501003308";"TUBO AC, API 5L B, CC (PC) S40, 0.438 (11.13 mm) 14 pol"
"1501003332";"TUBO AC, API 5L B, CC (PC) S20, 0.312 (7.92 mm) 16 pol"
"1501003336";"TUBO AC, API 5L B, CC (PC) 0.469 (11.91 mm) 16 pol"
"1501003343";"TUBO AC, API 5L B, CC (PC) S80, 0.844 (21.44 mm) 16 pol"
"1501003370";"TUBO AC, API 5L B, CC (PC) S80, 0.938 (23.83 mm) 18 pol"
"1501003397";"TUBO AC, API 5L B, CC (PC) S80, 1.031 (26.19 mm) 20 pol"
"1501003414";"TUBO AC, API 5L B, CC (PC) S20-STD, 0.375 (9.53 mm) 22 pol"
"1501003445";"TUBO AC, API 5L B, CC (PC) SCH-XS, 0.500 (12.70 mm) 24 pol"
"1501003543";"TUBO AC, API 5L B, CC (PC) 0.406 (10.31 mm) 34 pol"
"1501003546";"TUBO (AC) API 5L B PSL1 (PC) C/C SCH-20-XS (34 pol)"
"1501003603";"TUBO AC, API 5L B, CC (PC) SCH-XS, 0.500 (12.70 mm) 40 pol"
"1501019001";"TUBO AC, API 5L X52, SC (PC) S160, 1.125 (28.58 mm) 10 pol"
"1501019002";"TUBO AC, API 5L X52, SC (PC) 1.000 (25.40 mm) 8 pol"
"1501019003";"TUBO (AC) API 5L X52 (PC) S/C SCH-80 (10 pol)"
"1501019004";"TUBO (AC) API 5L X52 (PC) S/C SCH-80 (14 pol)"
"1501019005";"TUBO (AC) API 5L X52 (PC) S/C SCH-80 (18 pol)"
"1501019006";"TUBO (AC) API 5L X52 (PC) S/C SCH-80 (20 pol)"
"1501019007";"TUBO (AC) API 5L X52 (PC) S/C SCH-80 (4 pol)"
"1501019008";"TUBO (AC) API 5L X52 (PC) S/C ESP. 25.40mm (8 pol)"
"1501019009";"TUBO AC, API 5L X52, SC (PC) 0.812 pol (20.62mm) 8 pol"
"1501022001";"TUBO (AC) API 5L X60 (PC) S/C SCH-160 (12 pol)"
"1501024007";"TUBO (AC) API 5L X65 (PC) C/C ESP. 0.625 pol (5 pol)"
"1501024008";"TUBO (AC) API 5L X65 (PC) C/C 0.562 pol (6 pol)"
"1502014459";"TUBO (AI) A358 TP 316L CL1 (PC) S/C SCH-20S (2 pol)"
"1502014460";"TUBO (AI) A358 TP 316L CL1 (PC) S/C SCH-20S (4 pol)"
"1502014461";"TUBO (AI) A358 TP 316L CL1 (PC) S/C SCH-20S (6 pol)"
"1506001015";"TUBO C/C CuNi 90/10 (C70620) 20 BAR (PC) 9mm (16 pol)"
"1506001033";"TUBO - Cu-Ni - 20 BAR - (PC) - 12 pol"
"1506001034";"T-62 - Cu-Ni - 20 BAR - (PC) - 14 pol (368mm)"
"1506001038";"TUBO S/C CuNi 90/10 (C7060X) 20 BAR (PC) 13mm (24 pol)"
"1506001042";"TUBO C/C CuNi 90/10 (C7060X) 20 BAR (PC) 10.5mm (24 pol)"
"1506002001";"T-91 - Cu-Ni - 20 BAR - (PC) - 2.1/2 pol (76.1mm)"
"1506002002";"TUBO S/C (CuNi 90/10) 20 BAR (PC) 2.5mm 3 pol"
"1506002003";"TUBO S/C (CuNi 90/10) 20 BAR (PC) 3mm 4 pol"
"1506002005";"T-91 - Cu-Ni - 20 BAR - (PC) - 8 pol (219.1mm)"
"1506002008";"T-91 - Cu-Ni - 20 BAR - (PC) - 14 pol (368mm)"
"1506002010";"T-61 - Cu-Ni - 20 BAR - (PC) - 6 pol (159mm)"
"1506002011";"T-61 - Cu-Ni - 20 BAR - (PC) - 8 pol (219.1mm)"
"1506002012";"TUBO S/C CuNi 90/10 (C7060X) 20 BAR (PL) 5.5mm (10 pol)"
"1506002013";"T-61 - Cu-Ni - 20 BAR - (PC) - 12 pol (323.9mm)"
"1506002016";"TUBO S/C CuNi 90/10 (C7060X) 20 BAR (PC) 2.5mm (3 pol)"
"1506002017";"TUBO S/C CuNi 90/10 (C7060X) 20 BAR (PC) 3mm (4 pol)"
"1506003001";"T-90 - Cu-Ni - 20 BAR - (PL) - 1/2 pol (16mm)"
"1506003002";"TUBO (T-90) Cu-Ni, EEMUA 234, 20 BAR (PL) 3/4 pol (25mm)"
"1506003003";"TUBO S/C (CuNi 90/10) 20 BAR (PL) 2.5mm 1 pol"
"1506003004";"TUBO S/C (CuNi 90/10) 20 BAR (PL) 2.5mm 1.1/4 pol"
"1506003005";"TUBO S/C (CuNi 90/10) 20 BAR (PL) 2.5mm 1.1/2 pol"
"1506003006";"T-90 - Cu-Ni - 20 BAR - (PL) - 2 pol (57mm)"
"1506003007";"TUBO S/C (CuNi 90/10) EEMUA 234, 20 BAR (PL) 2mm 1/4 pol"
"1506004001";"T-64 - Cu-Ni - 20 BAR - (PL) - 1/2 pol (16mm)"
"1506004002";"T-64 - Cu-Ni - 20 BAR - (PL) - 3/4 pol (25mm)"
"1506004003";"TUBO S/C CuNi 90/10 (C7060X) 20 BAR (PL) 2.5mm (1 pol)"
"1506004005";"T-64 - Cu-Ni - 20 BAR - (PL) - 1.1/2 pol (44.5mm)"
"1506004006";"TUBO S/C CuNi 90/10 (C7060X) 20 BAR (PL) 2.5mm (2 pol)"
"1508001003";"TUBO (CPVC) ASTM F441 (PL) SCH-80 DN 1 pol"
"9101002258";"Tubo inox UNS 32750 s/c 2 X 0.1"
"1508001005";"Tubo condução PVC rígido 2"""
"1508001007";"TUBO (SC), ASTM F441 CPVC, SCH-80 DN 4 POL"
"1511001007";"TB (PVC-U), CL-1120 ASTM D1785, SCH-80 DN 4"
"9101002035";"TUBO; PVC-U; Ø 4"
"1509003003";"TUBO REDONDO (AC) NBR 8261-B (PL) S/C ESP. 7.11mm (168 mm)"
"1509003004";"TUBO REDONDO (AC) NBR 8261-B (PL) S/C ESP. 8.18mm (219.1 mm)"
"1509003005";"TUBO REDONDO, AC NBR8261 PL SC SCH40, 2 POL"
"1509003006";"TUBO REDONDO, AC NBR 8261 SC PL, 4POL"
"1509003007";"TUBO REDONDO, AC NBR 8261, SC PL, 10 POL"
"1509003008";"TUBO REDONDO, AC NBR 8261 SC PL, 5POL"
"1509003009";"TUBO REDONDO, AC NBR 8261 SC PL, 3.1/2 POL"
"1509003010";"TUBO REDONDO, AC NBR 8261 SC PL, 4.1/2 POL"
"1509002002";"TUBO RETANGULAR (AC) A500-C (PL) C/C ESP. 9.52mm 290 x 150mm"
"2014002121";"TUBO RETANGULAR (AC) A500-B, Esp 0.375 pol (12 x 6 pol)"
"2014002122";"TUBO RETANGULAR (AC) A500-B, Esp 0.180 pol (6 x 4 pol)"
"1501020002";"TUBO (AC) MARILOY (S400 / TPY) C/C (PC) 12.7mm (10 pol)"
"1501021005";"TUBO (AC) MARILOY (S400 / TPY) S/C (PL) 10mm (4 pol)"
"1501026005";"TUBO (AC) TIPO KCP-3L S/C (PC) 13mm (10 pol)"
"1510001001";"TUBO FRP, ASTM D2996, C/RESINA EPOXI, 1 POL"
"1510001002";"TUBO FRP, ASTM D2996, C/RESINA EPOXI, 1.1/2 POL"
"1510001003";"TUBO FRP, ASTM D2996, C/RESINA EPOXI, 2 POL"
"1510002003";"TUBO FRP, ASTM D2996, C/RESINA POLIESTER, 2 POL"
"1510003001";"TUBO FRP, ASTM F1173, C/RESINA PLASTICO, 1 POL"
"1509001002";"TUBO QUADRADO (AC) A500-B (PL) C/C ESP. 3mm (30 x 30mm)"
"1509001003";"TUBO ESTRUTURAL QUADRADO, A500, 8mm, (DIMENSOES 150 x 150mm)"
"1509004001";"TUBO QUADRADO (AL) 6063 T5 (PL) ESP. 1.58mm (1/2 x 1/2 pol)"
"1509004002";"TUBO QUADRADO (AL) 6063 T5 (PL) ESP. 1.58mm (5/8 x 5/8 pol)"
"1509004003";"TUBO QUADRADO (AL) 6063 T5 (PL) ESP. 1.00mm (3/4 x 3/4 pol)"
"1509004004";"TUBO QUADRADO (AL) 6063 T5 (PL) ESP. 1.58mm (3/4 x 3/4 pol)"
"1509004005";"TUBO QUADRADO (AL) 6063 T5 (PL) ESP. 2.00mm (3/4 x 3/4 pol)"
"1509004006";"TUBO QUADRADO (AL) 6063 T5 (PL) ESP. 3.17mm (3/4 x 3/4 pol)"
"1509004007";"TUBO QUADRADO (AL) 6063 T5 (PL) ESP. 1.58mm (1 x 1 pol)"
"1509004008";"TUBO QUADRADO (AL) 6063 T5 (PL) ESP. 2.00mm (1 x 1 pol)"
"1509004009";"TUBO QUADRADO (AL) 6063 T5 (PL) ESP. 3.17mm (1 x 1 pol)"
"1509004010";"TUBO QUADRADO (AL) 6063 T5 (PL) ESP 1.58mm 1.1/4 x 1.1/4 pol"
"1509004011";"TUBO QUADRADO (AL) 6063 T5 (PL) ESP 2.00mm 1.1/4 x 1.1/4 pol"
"1509004012";"TUBO QUADRADO (AL) 6063 T5 (PL) ESP 1.58mm 1.1/2 x 1.1/2 pol"
"1509004013";"TUBO QUADRADO (AL) 6063 T5 (PL) ESP 2.00mm 1.1/2 x 1.1/2 pol"
"1509004014";"TUBO QUADRADO (AL) 6063 T5 (PL) ESP 2.00mm 2 x 2 pol"
"1509004015";"TUBO QUADRADO (AL) 6063 T5 (PL) ESP. 3.17mm (2 x 2 pol)"
"1509004016";"TUBO QUADRADO (AL) 6063 T5 (PL) ESP 3.17mm 2.1/2 x 2.1/2 pol"
"1509004017";"TUBO QUADRADO (AL) 6063 T5 (PL) ESP 3.17mm 3 x 3 pol"
"1509004018";"TUBO QUADRADO (AL) 6063 T5 (PL) ESP 6.35mm 4 x 4 pol"
"2014001039";"TUBO QUADRADO (AC) A500-B (PL) ESP. 0.148mm (63.5 x 63.5mm)"
"2014001046";"TUBO QUADRADO (AC) A500-B (PL) ESP. 4.19mm (76.2 x 76.2mm)"
"2014001051";"TUBO QUADRADO (AC) A500-B (PL) ESP. 0.180mm (63.5 x 63.5mm)"
"2014001058";"TUBO QUADRADO (AC) A500-B (PL) ESP. 0.188mm (76.2 x 76.2mm)"
"2014001060";"TUBO QUADRADO (AC) A500-B (PL) ESP 0.188mm (101.6 x 101.6mm)"
"2014001061";"TUBO QUADRADO AC ASTM A500 GR B, 150 X 150 X 6,4)"
"2014001062";"TUBO QUADRADO (AC) A500-B, Esp 0.315 pol (4 x 4 pol)"
"2014001067";"TUBO QUADRADO (AC) A500-B (PL) ESP 0.250mm (64 x 64mm)"
"2014001069";"TUBO QUADRADO (AC) A500-B (PL) ESP. 375mm (90 x 90mm)"
